title,description,price_raw,area_raw,location,city,date,source,url,property_type,price_cleaned,area_cleaned,price_per_m2
Télécharger le document,"1
GUIDE DE L’USAGER POUR L’HABITAT SOCIAL
Définitions :
Habitat : c’est un espace qui comprend des habitants, des équipements collectifs et des
réseaux.
Logement : c’est un espace bâti qui sert à abriter des personnes ou des ménages.
Habitat social : c’est l’Habitat dont une partie du coût est à la charge des personnes publiques
et destinées aux ménages à faible revenu.
Opération immobilière à caractère social : opération dont 75% au moins des produits sont
constitués des parcelles ou des logements sociaux.
I - Qui peut bénéficier de l’aide de l’état pour réaliser des opérations d’habitat social ?
Tout promoteur immobilier.
II- Comment ?
En introduisant auprès des services déconcentrés du MINDUH une demande indiquant le
programme des travaux, les types de logements, ainsi que les équipements correspondants, les
procédés et les coûts de construction, la définition et les modalités de financement, les
plannings de réalisation et l’échéancier, les modalités d’acquisition.
III- Les opérations d’habitat social relèvent-elles du régime juridique de l’information
préalable ou de l’autorisation préalable de l’Administration ?
Elles relèvent de l’autorisation préalable du MINDUH, après étude du dossier et avis motivé par
la commission d’éligibilité aux programmes d’habitat.
IV- Quelle est la nature de l’aide que peuvent accorder les personnes publiques aux
promoteurs immobiliers, dans la réalisation des opérations de logement social ?
Cette aide peut revêtir la forme de mise à disposition du foncier, d’octroi du financement direct
ou des facilités fiscales, ou encore, la prise en charge totale ou partielle des infrastructures
d’approche, ou toute autre forme, compte tenu de l’appréciation du programme par le MINDUH.
RÉPUBLIQUE DU CAMEROUN
Paix – Travail – Patrie
------------
REPUBLIC OF CAMEROON
Peace – Work – Fatherland
------------
MINISTÈRE DE L’HABITAT
ET DU DÉVELOPPEMENT URBAIN
----------------
MINISTRY OF  HOUSING AND URBAN
DEVELOPMENT
--------------
2
V- Quelles sont les prestations minimales d’un programme d’habitat social ?
Le programme minimum de tout projet d’aménagement pouvant bénéficier de l’aide des
personnes publiques, doit avoir une contenance minimale de 5000 M2, une voirie carrossable
en terre, un drainage des eaux pluviales par des collecteurs maçonnés, un réseau d’eau
potable, sans branchement individuel ou à défaut, une installation des points d’eau potable tous
les 200 m, un réseau d’électricité, des aires de stationnement.
VI- Quelle est la composition du dossier à soumettre ?
1. Pour les opérations d’aménagement des terrains :
-
une fiche de renseignements (modèle MINDUH) ;
-
une étude de géotechnique de viabilité du terrain à construire ;
-
une étude d’impact environnemental (suivant les prescriptions de la loi ) ;
-
une copie du titre de propriété ;
-
une copie certifiée conforme de l’arrêté portant approbation du lotissement ;
-
une promesse-type de vente ou contrat de vente ;
-
des plans d’aménagement visés par un urbaniste (ONUC) ;
-
un jeu complet du dossier technique adossé à l’arrêté d’approbation ;
-
un rapport explicatif de la proposition d’aménagement ;
-
un certificat d’urbanisme ;
-
un cahier de charges ;
-
la quittance de paiement des frais du dossier technique ;
-
le projet de statut du groupement des acquéreurs ;
-
le chronogramme des travaux ;
-
un devis descriptif et estimatif des travaux ;
-
le prix de vent du mètre carré ;
-
la convention de suivi de réalisation des travaux par un homme de l’art (Urbanisme
et Ingénieur de Génie Civil).
2. Pour les opérations de construction :
-
ne copie du titre de propriété ;
-
une étude de géotechnique ;
-
les plans techniques visés par un BET ;
-
les plans et devis descriptifs et estimatifs visés par un architecte ;
-
le permis de conduire ;
-
l’étude d’impact environnemental (suivant les prescriptions de la loi) ;
-
le contrat type de vente ou promesse-type de vente ;
-
le prix de vente prévisionnel ;
-
le contrat de location ;
-
le prix de loyer mensuel ;
-
la convention de suivi de réalisation des travaux par un homme de l’art (Architecte et
BET) ;
-
le règlement de copropriété, dans le cas des immeubles collectifs.
3
VII- Quels sont les textes légaux et règlementaires qui s’appliquent à l’habitat social ?
-
la loi n°97/003 du 10 janvier 1997 relative à la promotion immobilière ;
-
la loi n° 2004/003 du 21 avril 2004 régissant l’urbanisme ;
-
le décret n° 2008/0738/PM du 23 avril 2008 portant organisation des procédures et
modalités de l’aménagement foncier ;
-
le décret n°2008/0739/PM du 23 avril 2008 fixant les règles d’utilisation du sol et de
la construction ;
-
l’arrêté n°0003/A/MINDUH du 28 mars 2008 portant organisation de la commission
d’éligibilité au programme d’habitat social.
-
la décision n° 002/MINDUH/SG du 07 avril 2008 portant organisation et
fonctionnement de la commission consultative de promotion immobilière.
",,5000 M2,Est,Est,,web_scraper,https://www.minhdu.gov.cm/wp-content/uploads/2023/08/guide-habitat-social.pdf,land,,5000.0,
Télécharger la plaquette du projet,"S.E. Paul BIYA
Président de la République
Ce projet comporte deux sections :
-
Section en rase campagne : AHALA- Carrefour MEYO-
Carrefour Nsimalen, longue de 10,8 km
-
Section urbaine : Raccordement avec la section en rase
campagne à Ahala- Trois statues- Poste Centrale-
Carrefour Warda- Carrefour Sous-Préfecture Tsinga,
longue d’environ 10 km.
I- Section  dite rase campagne
Notification de l’OS de démarrage des prestations et travaux :
02 mai 2015
Démarrage du projet :  Début juillet 2014
Délai : Trente-Six (36) mois
Montant Marché de base :       
- Travaux : 36 745 317 608 F CFA ; 
- Contrôle : 2 177 534 813 F CFA ;
- Assistance à Maîtrise d’Ouvrage Géotechnique :
900 000 000 F CFA.
Financement : BIP/MINHDU, exercices 2013 et suivants
ZONE DU PROJET
- Région du Centre, notamment dans les départements de la
Mefou et Afamba, de la Mefou et Akono et du Mfoundi.
DEFINITIONS ET ATTRIBUTIONS
- Autorité contractante : Ministre Délégué à la Présidence
chargé des Marchés Publics,
- Maître d’Ouvrage : Ministre de l’Habitat et du
Développement Urbain,
- Chef de service du Marché : Directeur des Opérations
Urbaines du MINHDU,
- Ingénieur du Marché : Délégué Régional
MINHDU/CENTRE/ Directeur des Services Techniques de
la CUY,
- Entreprise : CHINA COMMUNICATIONS
CONSTRUCTION COMPANY LTD (CCCC).
- Maître d’œuvre : Groupement de BET Study
International/CENOR/Ecta-BTP,
- Commission compétente : CCPM-TR,
- Organisme payeur : Fonds Routier à travers le Guichet
Investissement.
CARACTERISTIQUES DU PROJET
-
Construction de trois (03) échangeurs au niveau d’Ahala,
de Meyo et Nsimalen,
-
Construction de trois (03) ponts et des ouvrages
hydrauliques,
-
Construction d’une chaussée autoroutière d’environ 10, 8
km, de profil en travers type :
*
Deux chaussées de trois voies chacune (2X 10,5 m de
largeur) ;
*
Deux bandes d’Arrêt d’Urgence (BAU) de 1,5m de largeur
chacun ;
*
Un Terre Plein Central (TPC) de 5 m de large comprenant
: deux bandes dérasées (BDG) de 1 m de large chacune
et une bande médiane de 3 m de largeur ;
*
Une berme côté extérieur de 0,5 m de large
NIVEAU D’EXECUTION
Les travaux en cours de réalisation se présentent ainsi qu’il
suit :
-
Les activités liées à l’installation de chantier, notamment
la construction de la base vie et des bureaux pour
l’Administration, et l’amenée des matériels et des engins
sont exécutés à près de 90%,
-
Le nettoyage, le dégagement d’emprise ont été réalisés
sur les 5,8 km libérés dans les sections de la Mefou-
Afamba et de la Mefou et Akono,
-
Les travaux de grands déblais sont encours de réalisation
du PK1+550 au PK1+650,
-
Les déblais meubles du PK0+840- PK1+060 et du
PK1+420- PK1+700 sont achevés,
-
Les travaux de déviation au niveau du rond-point
Nsimalen sont en cours d’exécution,
-
Les travaux de purge sur les différents marécages sont
en cours,
-
La campagne géotechnique sur tout le linéaire du projet
est achevée.
Le taux d’avancement est de 20% pour une consommation
de délais de 40%.
EXPROPRIATIONS
Le paiement des indemnisations dans les 100 m d’emprise
du projet a été effectif  sur les 2,8 km et sur les 3 km des
sections appartenant aux départements de la Mefou et
Afamba et de la Mefou et Akono respectivement. Tans dis
que Le Décret portant d’Indemnisation des personnes
victimes de perte de droits fonciers dans le département du
Mfoundi signé le 17 août 2015,  permettra de libérer
entièrement  le linéaire du projet dans les 100 m d’emprise.  
II- Section  urbaine
La section urbaine qui se réalise en mode
«Etudes/Réalisation», les marchés ont été attribués à trois
(03) entreprises suivant l’allotissement ci-après :
FICHE DE PROJET
Montants des  Marchés.:       
- Etudes :   le coût de l’Assistance à Maîtrise d’Ouvrage
(AMO) est de 2 754 675 000  F CFA ;
- Assistance à Maîtrise d’Ouvrage Géotechnique
(LABOGENIE) : 1 300 000 000 F CFA.
-Travaux : Le coût des marchés sera connu  à l’issue des
études en Avant Projet Sommaire (APS)
NIVEAU D’EXECUTION
Les projets de marchés des trois lots sont en cours
d’examen avant transmission à la Commission Centrale de
Passation des Marchés des Travaux Routiers du MINMAP
(CCPM-TR).
2
3
Futur échangeur de Nsimalen
Futur échangeur de Meyo
Futur échangeur Ahala
Futur échangeur carrefour Nsam
Futur échangeur carrefour 3 Statues
Futur Carrefour Mess des Officiers
Futur échangeur carrefour Premier Ministère
Futur échangeur derrière Combattant
4
Visite guidée
5
Visite guidée
Campagne
géotechnique
6
Déblais du
PK4+300-PK4+800
Déblais du
PK4+300 au
PK5+000
Purge du marécage du PK1+200
au PK1+400
Rond point
Nsimalen
7
Séance de travail
du comité de
pilotage à la base
vie chinoise
8
M. YANG Philemon 
Premier Ministre, Chef du Gouvernement
David Daco 699 91 57 07
",36 745 317 608 F CFA,,Centre,Centre,,web_scraper,https://www.minhdu.gov.cm/wp-content/uploads/2022/08/plaquette-autoroute-sept2015.pdf,land,36745317608.0,,
COPIL des programmes Capitales Régionales et SPORCAP : Feuilles de route 2026 validées pour un achèvement accéléré des infrastructures urbaines,"COPIL des programmes Capitales Régionales et SPORCAP : Feuilles de route 2026 validées pour un achèvement accéléré des infrastructures urbaines [wp-word-count] words | [wp-word-count-reading-time] | 246 Facebook Twitter Gmail Yahoo Mail Depuis 2014, l’Agence Française de Développement (AFD) accompagne le Cameroun et cinq villes à travers le programme « Capitales Régionales » (CR). Le programme SPORCAP s’inscrit dans la continuité du programme “Capitales Régionales” et en constitue un complément opérationnel. Le Programme C2D Urbain, «C2D Capitales Régionales » a pour principal objectif l’amélioration durable de l’accès des populations urbaines aux services de base dans les villes de Bafoussam, Bertoua et Garoua (C2D 2011 « Capitales Régionales 1 ») puis Bamenda et Maroua (C2D 2016 – « Capitales Régionales 2 »). Afin de renforcer la dimension transformationnelle du projet et de garantir une exécution de qualité dans les délais impartis, il est prévu de reconduire le mode opératoire du programme Capitales Régionales, déjà éprouvé pour la réalisation d’équipements dans ces mêmes villes. Dans ce cadre, le Ministère de l’Habitat et du Développement Urbain (MINHDU) assurera la maîtrise d’ouvrage centrale du projet, en coordination étroite avec le Ministère des Sports et de l’Éducation Physique (MINSEP). Les mairies des cinq Communautés urbaines assureront la maîtrise d’ouvrage des opérations de réalisation des infrastructures sportives. Le COPIL de ce 18 décembre 2025 sous la co-présidence du Ministère de l’Habitat et du Développement Urbain (MINHDU) et du Ministère des Sports et de l’Education Physique (MINSEP) avait pour principaux objectifs de : Mesurer les grands enjeux socio-économiques des programmes Capitales Régionales et SPORCAP, et d’arrêter les grandes orientations des projets prioritaires ; Valider la Feuille de route et les programmes de travail détaillés, mentionnant les principales réalisations qui sont attendues et leurs échéances ainsi que les tableaux des responsabilités de leur mise en œuvre ; Valider la feuille de route et PTAB 2026 et donner les orientations pour la poursuite et le pilotage des deux programmes. CAPITALES REGIONALES CR1 ET CR2 FEUILLE DE ROUTE DU PROGRAMME POUR L’ANNEE 2026 Ce COPIL a permis de valider la feuille de route du Programme pour l’année 2026 qui se résume en cinq (05) points ci-après : L’achèvement du Programme Capitales Régionales 1 au 31 décembre 2026, incluant le paiement des derniers décomptes ; La réception des chantiers des équipements divers dans la ville de Maroua au 31 décembre 2026 ; La réception des travaux dans la ville de Bamenda (voiries et équipements marchands) au 31 décembre 2026 ; Le démarrage effectif en 2026 des travaux des projets complémentaires CR1.2 et CR2 (Top-Up) ; La tenue des audits 2024 et 2025 au plus tard le 31 décembre 2026. BUDGET DU PROGRAMME POUR L’ANNEE 2026 Le budget global du Programme pour l’année 2026, couvrant les quatre (04) conventions, a été validé à un montant de 27 323 852 358 FCFA TTC. RESULTATS ATTENDUS EN 2026 Les résultats attendus en 2026 sont les suivants : Villes de Maroua et Bamenda Villes Projets Cible/Indicateurs Maroua Grands équipements Construction de la salle polyvalente Capacité de 1000 places Construction du Marché Dougoy 550 Commerçants Protection des Berges Petits équipements Construction des Marchés secondaires 106 Commerçants Construction de l’Espace grillade 10 vendeurs de viande Cadre de vie Réhabilitation des Terrains multisport Capacité de 830 places Eclairage publics 800 candélabres Bamenda Voiries 11.6km Grands équipements Construction of the Ntatru Market 490 Commerçants Construction of the Bamenda 1 New Market 900 Commerçants Construction of the Bamenda Mile 4 Market 1230 Commerçants Petits équipements Construction of the Ntarinkon Market 536 Commerçants Espaces publics Rehabilitation of the Slaughterhouse 79 commerçants Construction of Green spaces 50 personnes/jours Projets HIMO (Maroua) 5000 emplois créés Villes de Bertoua, Garoua et Bafoussam. Villes/projets Livrables Garoua Drains Réceptions des Etudes (drains + Marché yelwa (2ieme phase) +Marché Poison et bétails). Passation des marchés des travaux. Équipements Marchands Service Urbain Réceptions des Etudes des 12 forages solaires. Passation des marchés des travaux. Démarrage des travaux des 12 forages solaires. Bafoussam Voiries Réceptions des Etudes de la voie Camp Sable-Pharmacie SALVIA +Réhabilitation du marché A Passation des marchés des travaux. Équipements Marchands Bertoua Voiries Réceptions des Etudes (Construction de la gare routière de KANO, voie d’accès au Marché de Mokolo/voie de desserte Bodomo (voie 67)). Passation des marchés des travaux. Équipements Marchands Finaliser les travaux de marché Historique SPORCAP Le projet SPORCAP est découpé en 2 principales composantes : Composante 1 : la réalisation d’une quinzaine de sites d’infrastructures sportives de proximité (terrains multisports, de basketball, de football, pistes ",27 323 852 358 FCFA,,Centre,Centre,,web_scraper,https://www.minhdu.gov.cm/en/copil-des-programmes-capitales-regionales-et-sporcap-feuilles-de-route-2026-validees-pour-un-achevement-accelere-des-infrastructures-urbaines,land,27323852358.0,,
COPIL des programmes Capitales Régionales et SPORCAP : Feuilles de route 2026 validées pour un achèvement accéléré des infrastructures urbaines - MINHDU,"COPIL des programmes Capitales Régionales et SPORCAP : Feuilles de route 2026 validées pour un achèvement accéléré des infrastructures urbaines [wp-word-count] mots | [wp-word-count-reading-time] | 246 Facebook Twitter Gmail Yahoo Mail Depuis 2014, l’Agence Française de Développement (AFD) accompagne le Cameroun et cinq villes à travers le programme « Capitales Régionales » (CR). Le programme SPORCAP s’inscrit dans la continuité du programme « Capitales Régionales » et en constitue un complément opérationnel. Le Programme C2D Urbain, «C2D Capitales Régionales » a pour principal objectif l’amélioration durable de l’accès des populations urbaines aux services de base dans les villes de Bafoussam, Bertoua et Garoua (C2D 2011 « Capitales Régionales 1 ») puis Bamenda et Maroua (C2D 2016 – « Capitales Régionales 2 »). Afin de renforcer la dimension transformationnelle du projet et de garantir une exécution de qualité dans les délais impartis, il est prévu de reconduire le mode opératoire du programme Capitales Régionales, déjà éprouvé pour la réalisation d’équipements dans ces mêmes villes. Dans ce cadre, le Ministère de l’Habitat et du Développement Urbain (MINHDU) assurera la maîtrise d’ouvrage centrale du projet, en coordination étroite avec le Ministère des Sports et de l’Éducation Physique (MINSEP). Les mairies des cinq Communautés urbaines assureront la maîtrise d’ouvrage des opérations de réalisation des infrastructures sportives. Le COPIL de ce 18 décembre 2025 sous la co-présidence du Ministère de l’Habitat et du Développement Urbain (MINHDU) et du Ministère des Sports et de l’Education Physique (MINSEP) avait pour principaux objectifs de : Mesurer les grands enjeux socio-économiques des programmes Capitales Régionales et SPORCAP, et d’arrêter les grandes orientations des projets prioritaires ; Valider la Feuille de route et les programmes de travail détaillés, mentionnant les principales réalisations qui sont attendues et leurs échéances ainsi que les tableaux des responsabilités de leur mise en œuvre ; Valider la feuille de route et PTAB 2026 et donner les orientations pour la poursuite et le pilotage des deux programmes. CAPITALES REGIONALES CR1 ET CR2 FEUILLE DE ROUTE DU PROGRAMME POUR L’ANNEE 2026 Ce COPIL a permis de valider la feuille de route du Programme pour l’année 2026 qui se résume en cinq (05) points ci-après : L’achèvement du Programme Capitales Régionales 1 au 31 décembre 2026, incluant le paiement des derniers décomptes ; La réception des chantiers des équipements divers dans la ville de Maroua au 31 décembre 2026 ; La réception des travaux dans la ville de Bamenda (voiries et équipements marchands) au 31 décembre 2026 ; Le démarrage effectif en 2026 des travaux des projets complémentaires CR1.2 et CR2 (Top-Up) ; La tenue des audits 2024 et 2025 au plus tard le 31 décembre 2026. BUDGET DU PROGRAMME POUR L’ANNEE 2026 Le budget global du Programme pour l’année 2026, couvrant les quatre (04) conventions, a été validé à un montant de 27 323 852 358 FCFA TTC. RESULTATS ATTENDUS EN 2026 Les résultats attendus en 2026 sont les suivants : Villes de Maroua et Bamenda Villes Projets Cible/Indicateurs Maroua Grands équipements Construction de la salle polyvalente Capacité de 1000 places Construction du Marché Dougoy 550 Commerçants Protection des Berges Petits équipements Construction des Marchés secondaires 106 Commerçants Construction de l’Espace grillade 10 vendeurs de viande Cadre de vie Réhabilitation des Terrains multisport Capacité de 830 places Eclairage publics 800 candélabres Bamenda Voiries 11.6km Grands équipements Construction of the Ntatru Market 490 Commerçants Construction of the Bamenda 1 New Market 900 Commerçants Construction of the Bamenda Mile 4 Market 1230 Commerçants Petits équipements Construction of the Ntarinkon Market 536 Commerçants Espaces publics Rehabilitation of the Slaughterhouse 79 commerçants Construction of Green spaces 50 personnes/jours Projets HIMO (Maroua) 5000 emplois créés Villes de Bertoua, Garoua et Bafoussam. Villes/projets Livrables Garoua Drains Réceptions des Etudes (drains + Marché yelwa (2ieme phase) +Marché Poison et bétails). Passation des marchés des travaux. Équipements Marchands Service Urbain Réceptions des Etudes des 12 forages solaires. Passation des marchés des travaux. Démarrage des travaux des 12 forages solaires. Bafoussam Voiries Réceptions des Etudes de la voie Camp Sable-Pharmacie SALVIA +Réhabilitation du marché A Passation des marchés des travaux. Équipements Marchands Bertoua Voiries Réceptions des Etudes (Construction de la gare routière de KANO, voie d’accès au Marché de Mokolo/voie de desserte Bodomo (voie 67)). Passation des marchés des travaux. Équipements Marchands Finaliser les travaux de marché Historique SPORCAP Le projet SPORCAP est découpé en 2 principales composantes : Composante 1 : la réalisation d’une quinzaine de sites d’infrastructures sportives de proximité (terrains multisports, de basketball, de football, pistes",27 323 852 358 FCFA,,Centre,Centre,,web_scraper,https://www.minhdu.gov.cm/copil-des-programmes-capitales-regionales-et-sporcap-feuilles-de-route-2026-validees-pour-un-achevement-accelere-des-infrastructures-urbaines,land,27323852358.0,,
Le pont Mizao de Maroua inauguré par le Minhdu - MINHDU,"Le pont Mizao de Maroua inauguré par le Minhdu [wp-word-count] mots | [wp-word-count-reading-time] | 941 Facebook Twitter Gmail Yahoo Mail Plus d’inquiétudes pour les populations de la ville de Maroua. Avec l’inauguration du pont sur le Mizao le 04 mars 2023 par le ministre de l’Habitat et du Développement urbain, Célestine Ketcha Courtès, c’est l’ensemble des travaux de protection des berges des fleuves Kaliao et Ziling lancés en 2018 qui prennent forme. Ce sont ainsi les risques d’inondations et leurs conséquences, auxquels faisait face jusqu’ici la ville qui s’éloignent ; à l’exemple des destructions des parcelles, des biens mobiliers, des équipements et des marchandises. C’est justement à la suite de l’érosion continue des berges du fleuve et des inondations à répétition que le pont sur le Mizao avait cédé le 23 août 2019 coupant la ville en deux. Des travaux d’urgence de reconstruction du pont effondré avaient été prescrits par le Président de la République S. E. Paul BIYA, ceci à l’effet de rétablir la circulation entre le quartier Baoliyol et le reste de la ville. Il avait été alors question de construire un radier submersible pour le rétablissement immédiat de la circulation avant de procéder à la construction de l’ouvrage de franchissement principal. Ledit ouvrage est constitué d’un pont mixte acier-béton d’une longueur de 60 mètres ainsi que de voies de raccordement à l’ouvrage principal de 580 mètres (dalots et caniveaux compris). L’importance stratégique du pont sur le fleuve Mizao pour la ville de Maroua n’est plus à démontrer. Ce pont permet aux populations des quartiers Palar, Baoliyol et Florina ainsi que celles des villages environnants de se rendre en tout temps et en toute saison à l’hôpital régional, dans certains services publics, au marché central et à l’abattoir sans contourner et passer plus loin par le pont Palar ; d’où la grande satisfaction des populations. Madame le ministre a donc profité de l’occasion pour remercier tous les acteurs qui ont de près ou de loin contribué à la réalisation de cet ouvrage qui aura coûté 5,2 milliards de Fcfa, entièrement financé par le budget d’investissement public. En rappel, les travaux de protection des berges des mayos Kaliao et Ziling, repartis en 08 points critiques ont permis de protéger 06 km de berges ainsi que de renforcer quatre piles du pont Rouge. Le projet présentera à son achèvement : 6 kilomètres de berges protégées reparties sur 08 points ; l’amélioration des conditions de vie de 8000 habitants riverains du projet ; la reconstitution des berges des mayos dans les quartiers : Domayo Bololo de 30 mètres de large pour 01 kilomètre 420 mètres ; Baoliwol de 15 mètres de large pour 01 kilomètre 560 m ; et Kakataré de 15 mètres de large pour 01 kilomètre 100 mètres. Le projet permettra également d’aménager 04 kilomètres 400 de route le long des berges. En définitive, en plus de permettre la sécurisation des berges et des biens, le projet a permis d’embellir la physionomie de la cité. 0 commentaires Soumettre un commentaire Annuler la réponse Vous devez vous connecter pour publier un commentaire. à lire aussi Logements sociaux à Douala : le gouvernement accélère et promet des titres fonciers en 2026 Cérémonie de présentation des vœux au MINHDU : Un bilan 2025 riche et plus de 400 milliards pour les villes de demain. Conférence annuelle du MINHDU : l’engagement ferme pour une mobilité urbaine moderne au Cameroun. CREDITS TRANSFERES : Le MINHDU appelle à un meilleur suivi en 2026 Emmission le Citadin Ne ratez pas notre émission hebdomadaire du Samedi qui sera diffusée sur la radio POSTE NATIONAL 94.0 FM dès 16h30 Liens Utiles Présidence de la République Senat Assemblé Nationale Services du Premier Ministre MINFI MINDCAF DGI CFC SIC MAETUR FEICOM MIPROMALO CUY CUD HYSACAM Galerie Photos Vidéos Discours Contactez-Nous",,8000 ha,Est,Est,,web_scraper,https://www.minhdu.gov.cm/le-pont-mizao-de-maroua-inaugure-par-le-minhdu,land,,80000000.0,
Archives des A la une - MINHDU,"Logements sociaux à Douala : le gouvernement accélère et promet des titres fonciers en 2026 13-02-2026 | 0 commentaires Le Ministre de l’Habitat et du Développement Urbain a présidé la cérémonie solennelle de remise des clés à de nouveaux acquéreurs des logements sociaux à Mbanga Bakoko, à Douala, ce 12 février 2026. Cinquante-sept nouveaux acquéreurs étaient les heureux bénéficiaires du jour. Il s’agit de marquer une étape décisive dans la mise en œuvre de la politique nationale de l’habitat, impulsée par le Président Paul Biya, SEM Paul Biya. Ce vaste programme gouvernemental prévoit la construction de 10 000 logements sociaux et l’aménagement de 50 000 parcelles constructibles, visant à réduire le déficit en logements et à promouvoir un accès décent au logement pour les Camerounais. L’événement, hautement symbolique, a permis à de nouveaux acquéreurs de recevoir les clés de leur logement, portant le total des logements achevés dans la phase pilote à 1 130 sur 1 675 prévus. Sur le site de Mbanga Bakoko, 670 logements sont déjà livrés, avec 40 supplémentaires attendus d’ici mars et 30 autres en avril. Il est important de souligner qu’avec le PLANUT Habitat, le programme chinois et les logements des PME, c’est un total de 3 585 logements déjà achevés ; depuis le lancement des remises des clés, près de 3 000 familles sont logées de façon décente. Pour cette 13ᵉ cérémonie du genre, dont la huitième à Mbanga Bakoko, Célestine Ketcha Courtès a rappelé son engagement pris en 2018 : à son arrivée, seuls 420 logements étaient achevés depuis le lancement du projet pilote en 2009. « Je l’avais promis, et c’est désormais devenu un rendez-vous régulier », a-t-elle déclaré, annonçant son retour imminent sur le site pour de nouvelles remises. Surmontant les obstacles pour une relance réussie, malgré des difficultés initiales liées à la faible capacité de certaines PME locales, le gouvernement a relancé les travaux en contractualisant de nouvelles entreprises aux performances avérées, grâce à des accords exceptionnels du Ministre des Marchés publics. Des réflexions avec le Ministre des Domaines, du Cadastre et des Affaires foncières ont aussi avancé sur les titres de propriété, avec une priorité pour leur délivrance effective en 2026. Le MINHDU a salué les efforts des directeurs généraux de la SIC, MAETUR, CFC et LABOGENIE, tout en interpellant ENEO et CAMWATER pour plus de célérité dans les branchements. Elle a exhorté les équipes multidisciplinaires à persévérer et invité les habitants installés à accueillir les nouveaux acquéreurs dans un esprit de convivialité, en respectant les règlements de copropriété. Dans leurs prises de parole, Ngo Epoupé Raphaël, président du Comité de Développement de la cité de Mbanga Bakoko, a une fois de plus remercié le Chef de l’État à travers le MINHDU pour toutes les sollicitudes dont ils bénéficient depuis leur installation. Lors d’une autre mission instruite par le MINHDU, une somme de 500 000 FCFA leur a été remise comme contribution du Ministre pour rafraîchir les murs d’un bâtiment témoin, afin de contribuer à maintenir l’éclat de cette nouvelle ville. En ce qui concerne les nouveaux acquéreurs, dont Madame Ndomo Adessa était la porte-parole, leurs remerciements ont été adressés au Président de la République pour le respect de sa parole : malgré l’attente, ils ont enfin les clés de leur logement. Cette cérémonie illustre la détermination du gouvernement à concrétiser la vision du Président de la République, SEM Paul Biya, d’offrir « à chaque citoyen camerounais un toit décent pour loger sa famille ». Au-delà des briques et du mortier, elle symbolise une justice sociale en marche, transformant des années d’attente en joie palpable pour des milliers de familles. L’année 2026 s’annonce comme celle de l’accélération, avec des titres fonciers et une urbanisation plus inclusive. Entre les deux cérémonies, à savoir le lancement du Budget d’Investissement Public à travers les crédits transférés aux CTD et la cérémonie de remise des clés à Mbanga Bakoko, le MINHDU a visité certains travaux de voirie en cours ou achevés dans le cadre du Programme « Douala intra-muros sans nids de poule ». Au-delà des travaux de voirie réalisés dans le cadre du BIP MINHDU ou du Fonds routier, la capitale économique a bénéficié de plusieurs kilomètres de voirie grâce au Projet de Développement des Villes Inclusives et Résilientes (PDVIR) qui s’est achevé en juin 2026. Tandis qu’avec le Projet de Mobilité Urbaine de Douala (PMUD) qui s’implante et le Projet Villes et Gestion Foncière Durable (PVGFD) qui succède au PDVIR, des projets qui bénéficient d’un financement de la Banque mondiale, c’est un nouveau paysage de la mobilité urbaine de la ville de Douala qui est en gestation.",500 000 FCFA,,Est,Est,2026-02-13,web_scraper,https://www.minhdu.gov.cm/category/a_la_une,land,500000.0,,
Archives des spotlight - MINHDU,"Logements sociaux à Douala : le gouvernement accélère et promet des titres fonciers en 2026 13-02-2026 | 0 comments Le Ministre de l’Habitat et du Développement Urbain a présidé la cérémonie solennelle de remise des clés à de nouveaux acquéreurs des logements sociaux à Mbanga Bakoko, à Douala, ce 12 février 2026. Cinquante-sept nouveaux acquéreurs étaient les heureux bénéficiaires du jour. Il s’agit de marquer une étape décisive dans la mise en œuvre de la politique nationale de l’habitat, impulsée par le Président Paul Biya, SEM Paul Biya. Ce vaste programme gouvernemental prévoit la construction de 10 000 logements sociaux et l’aménagement de 50 000 parcelles constructibles, visant à réduire le déficit en logements et à promouvoir un accès décent au logement pour les Camerounais. L’événement, hautement symbolique, a permis à de nouveaux acquéreurs de recevoir les clés de leur logement, portant le total des logements achevés dans la phase pilote à 1 130 sur 1 675 prévus. Sur le site de Mbanga Bakoko, 670 logements sont déjà livrés, avec 40 supplémentaires attendus d’ici mars et 30 autres en avril. Il est important de souligner qu’avec le PLANUT Habitat, le programme chinois et les logements des PME, c’est un total de 3 585 logements déjà achevés ; depuis le lancement des remises des clés, près de 3 000 familles sont logées de façon décente. Pour cette 13ᵉ cérémonie du genre, dont la huitième à Mbanga Bakoko, Célestine Ketcha Courtès a rappelé son engagement pris en 2018 : à son arrivée, seuls 420 logements étaient achevés depuis le lancement du projet pilote en 2009. « Je l’avais promis, et c’est désormais devenu un rendez-vous régulier », a-t-elle déclaré, annonçant son retour imminent sur le site pour de nouvelles remises. Surmontant les obstacles pour une relance réussie, malgré des difficultés initiales liées à la faible capacité de certaines PME locales, le gouvernement a relancé les travaux en contractualisant de nouvelles entreprises aux performances avérées, grâce à des accords exceptionnels du Ministre des Marchés publics. Des réflexions avec le Ministre des Domaines, du Cadastre et des Affaires foncières ont aussi avancé sur les titres de propriété, avec une priorité pour leur délivrance effective en 2026. Le MINHDU a salué les efforts des directeurs généraux de la SIC, MAETUR, CFC et LABOGENIE, tout en interpellant ENEO et CAMWATER pour plus de célérité dans les branchements. Elle a exhorté les équipes multidisciplinaires à persévérer et invité les habitants installés à accueillir les nouveaux acquéreurs dans un esprit de convivialité, en respectant les règlements de copropriété. Dans leurs prises de parole, Ngo Epoupé Raphaël, président du Comité de Développement de la cité de Mbanga Bakoko, a une fois de plus remercié le Chef de l’État à travers le MINHDU pour toutes les sollicitudes dont ils bénéficient depuis leur installation. Lors d’une autre mission instruite par le MINHDU, une somme de 500 000 FCFA leur a été remise comme contribution du Ministre pour rafraîchir les murs d’un bâtiment témoin, afin de contribuer à maintenir l’éclat de cette nouvelle ville. En ce qui concerne les nouveaux acquéreurs, dont Madame Ndomo Adessa était la porte-parole, leurs remerciements ont été adressés au Président de la République pour le respect de sa parole : malgré l’attente, ils ont enfin les clés de leur logement. Cette cérémonie illustre la détermination du gouvernement à concrétiser la vision du Président de la République, SEM Paul Biya, d’offrir « à chaque citoyen camerounais un toit décent pour loger sa famille ». Au-delà des briques et du mortier, elle symbolise une justice sociale en marche, transformant des années d’attente en joie palpable pour des milliers de familles. L’année 2026 s’annonce comme celle de l’accélération, avec des titres fonciers et une urbanisation plus inclusive. Entre les deux cérémonies, à savoir le lancement du Budget d’Investissement Public à travers les crédits transférés aux CTD et la cérémonie de remise des clés à Mbanga Bakoko, le MINHDU a visité certains travaux de voirie en cours ou achevés dans le cadre du Programme « Douala intra-muros sans nids de poule ». Au-delà des travaux de voirie réalisés dans le cadre du BIP MINHDU ou du Fonds routier, la capitale économique a bénéficié de plusieurs kilomètres de voirie grâce au Projet de Développement des Villes Inclusives et Résilientes (PDVIR) qui s’est achevé en juin 2026. Tandis qu’avec le Projet de Mobilité Urbaine de Douala (PMUD) qui s’implante et le Projet Villes et Gestion Foncière Durable (PVGFD) qui succède au PDVIR, des projets qui bénéficient d’un financement de la Banque mondiale, c’est un nouveau paysage de la mobilité urbaine de la ville de Douala qui est en gestation.",500 000 FCFA,,Est,Est,2026-02-13,web_scraper,https://www.minhdu.gov.cm/en/category/spotlight,land,500000.0,,
Télécharger le document,"OBTENTION DE L’APPUI DE L’ETAT POUR LA REALISATION DES 
PROGRAMMES IMMOBILIERS D’HABITAT SOCIAL 
 
Intitulé de l’acte : Convention d’Appui. 
    
Initiateur de la procédure : Intéressé (e). 
 
Lieu de dépôt du dossier : Service du courrier du MINHDU 
 
Structure initiatrice : Service des Professions et des Agréments/SDPIAC/DHSPI. 
 
Textes de référence : 
- Loi n°97/003 du 10 janvier 1997 relative à la Promotion Immobilière ; 
- Loi n° 2004/003 du 21 avril 2004 régissant l’urbanisme au Cameroun ; 
- Loi n° 2004/017 du 22 juillet 2004 d’orientation de la décentralisation ; 
- Loi n° 2004/018 du 22 juillet 2004 fixant les règles applicables aux Communes ; 
- Décret n°2007/1419/PM du 02 Novembre 2007 fixant les conditions d’application 
de la loi n° 97/003 du 10 janvier 1997 relative à la promotion immobilière ; 
- Décret n°2012/384 du 14 septembre 2012 portant organisation du Ministère de 
l’Habitat et du Développement Urbain ; 
- Décret n°2014/2378/PM du 20 Août 2014 modifiant et complétant certaines 
dispositions du décret n° 2007/1419/PM du 02 Novembre 2007 fixant les 
conditions d’application de la loi n°97/003 du 10 Janvier 1997 relative à la 
promotion immobilière ;  
- Décret n°2011/408 du 09 décembre 2011 portant organisation du Gouvernement 
modifié et complété par le décret n°2019/002 du 04 Janvier 2019 portant 
réaménagement du Gouvernement ; 
- Arrêté n°0003/E/2/MINHDU du 28 Mars 2008 portant organisation de la 
commission d’éligibilité aux programmes d’habitat social ; 
- Arrêté n°0009/E/2/MINHDU du 21 Août 2008 fixant les normes d’habitat social ; 
- Arrêté n°0044/E/2/MINHDU du 26 Novembre 2013 portant organisation de la 
commission d’éligibilité aux programmes d’habitat social ; 
- 
Décision n°0030/E/2/MINHDU/SG/CJ/ du 21 Août 2008 constatant la composition 
de la commission d’éligibilité aux programmes d’habitat social. 
 
Conditions à remplir :  
- jouir de ses droits civiques ; 
- être un Promoteur immobilier agréé pour l’exercice en cours ; 
- disposer d’un financement. 
 
A- Volet Aménagement : 
- 
disposer d’un certificat de propriété datant de moins de 03 mois assorti 
éventuellement d’une convention de partenariat avec le titulaire du titre 
foncier au cas où il n’appartient pas au porteur du projet ; 
- 
disposer des plans d’aménagement visés par un urbaniste inscrit à l’Ordre 
National des Urbanistes du Cameroun (ONUC ) ;  
- 
disposer d’une copie certifiée conforme de l’arrêté portant approbation du 
lotissement ; 
- 
disposer d’une convention de suivi de réalisation des travaux par un homme 
de l’art(Urbaniste inscrit à l’ONUC et Ingénieur de Génie Civil inscrit à 
l’ONIGC); 
- 
avoir fait un devis estimatif et descriptif des travaux ; 
- 
disposer d’un pourcentage de parcelles réservées au social (75% au moins). 
 
B- Volet Construction : 
- 
disposer 
de 
plans 
architecturaux 
des 
bâtiments 
visés 
par 
un 
Architecte inscrit à l’ONAC ; 
- 
disposer d’un devis descriptif et estimatif visés par un Architecte inscrit à 
l’ONAC ; 
- 
disposer d’un permis de construire ; 
- 
prévoir un certain nombre de logements pour le social (75% au moins) ; 
- 
fixer un prix de vente prévisionnel minimum 
; 
- 
disposer d’une convention de suivi de réalisation des travaux par un homme 
de l’art ( (ingénieur inscrit à l’ONIGC  et architecte inscrit à l’ONAC) ; 
- 
Disposer d’un contrat de location. 
 
C- Autres conditions 
 
- Envergure de l’opération (nombre de lots à aménager, nombre de 
logements à construire) ;  
- Coût total de l’opération ; 
- Taux 
d’avancement 
global 
du 
projet 
(études 
et/ou 
travaux 
d’aménagement et de construction de logements avec justificatifs); 
- Business plan (avec justificatifs). 
 
Composition du dossier : 
• Pièces à fournir : 
- une demande timbrée au tarif en vigueur adressée au MINHDU assortie du dossier 
technique composé des pièces ci-après : 
 
❖ Pour les opérations d’aménagement des terrains en matière d’habitat 
social : 
- 
une fiche de renseignement (à retirer au MINHDU) ; 
- 
une copie du certificat de propriété datant de moins de 03 mois et visée par 
les services déconcentrés du Ministère des Domaines, du Cadastre et des 
Affaires Foncières et une photocopie du titre foncier ; 
- 
une copie certifiée conforme de l’arrêté portant approbation du lotissement ; 
- 
un contrat type de vente ou promesse type de vente selon le modèle du 
MINHDU ; 
- 
des plans d’aménagement établis aux échelles requises et visés par un 
urbaniste inscrit à l’ ONUC, sur une assiette foncière d’au moins 5000 m² ; 
- 
un jeu complet du dossier technique adossé à l’arrêté d’approbation : 
✓ Rapport explicatif de la proposition d’aménagement ; 
✓ certificat d’urbanisme ; 
✓ cahier de charges ; 
✓ règlements ; 
✓ projet de statut du groupement des acquéreurs ; 
✓ planning d’exécution des travaux en conformité avec le  plan de 
financement ;  
 
- 
devis descriptif et estimatif des travaux ; 
- 
prix de vente du mètre carré ; 
- 
convention de suivi de réalisation des travau",,5000 m²,Est,Est,2024-02-02,web_scraper,https://www.minhdu.gov.cm/wp-content/uploads/2024/02/OBTENTION-DE-LAPPUI-DE-LETAT-POUR-LA-REALISATION-DES-PROGRAMMES-IMMOBILIERS-DHABITAT-SOCIAL.pdf,land,,5000.0,
Voirie urbaine : Le MINHDU évalue l’avancement des travaux du Projet « Yaoundé Cœur de Ville » et d’autres projets de réhabilitation des voiries,"Voirie urbaine : Le MINHDU évalue l’avancement des travaux du Projet « Yaoundé Cœur de Ville » et d’autres projets de réhabilitation des voiries [wp-word-count] words | [wp-word-count-reading-time] | 124 Facebook Twitter Gmail Yahoo Mail Le Ministre de l’Habitat et du Développement urbain accompagné de Monsieur l’Ambassadeur de France au Cameroun, Son Excellence 𝐒𝐲𝐥𝐯𝐚𝐢𝐧 𝐑𝐢𝐪𝐮𝐢𝐞𝐫, a effectué, ce 27 janvier 2026, une visite d’inspection et d’évaluation des chantiers du projet « Yaoundé cœur de ville » et des travaux de réhabilitation des voiries structurantes dans certains quartiers de la cité capitale. Cette visite avait pour objectifs de : Procéder à une inspection technique rigoureuse du niveau d’avancement physique des travaux (actuellement évalué à 12% pour la composante structurante). Évaluer les contraintes opérationnelles, notamment les retards liés à la libération des emprises et à la mise en œuvre du Plan d’Action de Réinstallation du projet YCV (PAR). Prescrire des orientations stratégiques et opérationnelles pour garantir le respect des délais contractuels. A l’issue de cette descente, des recommandations ont été formulées, à savoir : Les entreprises doivent élaborer et transmettre leurs plannings d’achèvement des travaux ; Les entreprises sont invitées à intensifier la signalisation temporaire des chantiers avec les différents panneaux usuels, à savoir : les panneaux de prescription, les panneaux de danger, les panneaux de travaux et les panneaux d’indication. Les maires sont priés de sensibiliser les populations pour une meilleure appropriation des travaux ainsi que le maintien de l’état de salubrité après les travaux ; Le Gouverneur de la Région du Centre et les Préfets sont chargés de veiller, en liaison avec les Forces de Maintien de l’ordre à la gestion du trafic pendant des travaux afin de diminuer les risques d’embouteillages. Pour rappel, dans l’optique de moderniser la physionomie urbaine et d’optimiser la mobilité au sein de la capitale, le Gouvernement de la République du Cameroun, en application des hautes directives du Président de la République, à travers le Ministère de l’Habitat et du Développement Urbain (MINHDU), a initié un vaste programme de restructuration des infrastructures routières. Ce programme vise à pallier la dégradation avancée de certains axes névralgiques qui entravent la fluidité du trafic et compromettent la sécurité des usagers. Le projet « Yaoundé Cœur de Ville » (YCDV) constitue la pierre angulaire de cette stratégie, bénéficiant d’un appui structurel via le Contrat de Désendettement et de Développement (C2D) en partenariat avec la France. Présentation du Programme « Yaoundé Cœur de Ville » Le programme YCDV est structuré autour de deux composantes majeures visant une transformation profonde et durable de l’écosystème urbain : Composante 1 : Travaux Structurants (Aménagements de grande envergure) Ce volet, confié au Groupement RAZEL CAMEROUN SA / RAZEL BEC SAS pour un montant global de 35 889 337 566 FCFA TTC et un délai d’exécution de 30 mois, cible les points de congestion majeurs de la cité. Pôle Mvan : Réaménagement complet du carrefour avec mise en place de feux de signalisation et requalification des rues adjacentes (8.078, 8.055, 8.162) en 2×2 voies sur des linéaires significatifs. Il comprend également la construction d’une gare routière moderne de 2 hectares incluant 1 500 m² de bâtiments. Pôle Elig-Effa / Messa : Réalisation d’un passage souterrain à gabarit réduit de 123 mètres de long sous la rue 2.700, aménagement d’un giratoire et d’un square urbain paysager de 3 000 m². Une nouvelle gare routière de 8 500 m² remplacera l’existante pour rationaliser le transport vers l’Ouest. Composante 2 : Actions à Impacts Rapides (Aménagements de proximité) D’un montant de 3 085 098 390 FCFA TTC , cette composante exécutée par RAZEL CAMEROUN vise des résultats immédiats sur la fluidité et le confort des citadins. Optimisation des carrefours : Travaux d’aménagement léger aux carrefours Awaé Escalier et Sous-Manguier , incluant la réfection de la chaussée, l’assainissement, et l’installation de signalisation lumineuse tricolore. Infrastructures de transport artisanal : Aménagement de terminus et d’arrêts minibus sur la rue Marcel Jezouin (Trésor) et l’avenue Mvog Fouda Ada (SOA), dotés de quais, d’auvents et de blocs sanitaires. Approche Participative : Mise en œuvre de cheminements piétons et d’accès sécurisés aux établissements scolaires via une méthodologie de « Pépinière Urbaine » impliquant les populations locales. Travaux de réhabilitation du tronçon « Entrée Hôpital Central – Carrefour Messa –Marché Mokolo » et du tronçon « Carrefour Entrée Résidence PM – Entrée arrière ENAM – Intersection Rue quartier Général » par l’entreprise RAZEL . Ledit projet en cours d’exécution connait un taux d’exécution de 37% sur la tranche ferme. Ce sont des tronçons de voie dont la réhabilitation contribuera à faciliter la mobilité et changer l’image de la ville de Yaoundé. L",35 889 337 566 FCFA,1 500 m²,Centre,Centre,,web_scraper,https://www.minhdu.gov.cm/en/voirie-urbaine-le-minhdu-evalue-lavancement-des-travaux-du-projet-yaounde-coeur-de-ville-et-dautres-projets-de-rehabilitation-des-voiries,land,35889337566.0,,
Voirie urbaine : Le MINHDU évalue l’avancement des travaux du Projet « Yaoundé Cœur de Ville » et d’autres projets de réhabilitation des voiries - MINHDU,"Voirie urbaine : Le MINHDU évalue l’avancement des travaux du Projet « Yaoundé Cœur de Ville » et d’autres projets de réhabilitation des voiries [wp-word-count] mots | [wp-word-count-reading-time] | 124 Facebook Twitter Gmail Yahoo Mail Le Ministre de l’Habitat et du Développement urbain accompagné de Monsieur l’Ambassadeur de France au Cameroun, Son Excellence 𝐒𝐲𝐥𝐯𝐚𝐢𝐧 𝐑𝐢𝐪𝐮𝐢𝐞𝐫, a effectué, ce 27 janvier 2026, une visite d’inspection et d’évaluation des chantiers du projet « Yaoundé cœur de ville » et des travaux de réhabilitation des voiries structurantes dans certains quartiers de la cité capitale. Cette visite avait pour objectifs de : Procéder à une inspection technique rigoureuse du niveau d’avancement physique des travaux (actuellement évalué à 12% pour la composante structurante). Évaluer les contraintes opérationnelles, notamment les retards liés à la libération des emprises et à la mise en œuvre du Plan d’Action de Réinstallation du projet YCV (PAR). Prescrire des orientations stratégiques et opérationnelles pour garantir le respect des délais contractuels. A l’issue de cette descente, des recommandations ont été formulées, à savoir : Les entreprises doivent élaborer et transmettre leurs plannings d’achèvement des travaux ; Les entreprises sont invitées à intensifier la signalisation temporaire des chantiers avec les différents panneaux usuels, à savoir : les panneaux de prescription, les panneaux de danger, les panneaux de travaux et les panneaux d’indication. Les maires sont priés de sensibiliser les populations pour une meilleure appropriation des travaux ainsi que le maintien de l’état de salubrité après les travaux ; Le Gouverneur de la Région du Centre et les Préfets sont chargés de veiller, en liaison avec les Forces de Maintien de l’ordre à la gestion du trafic pendant des travaux afin de diminuer les risques d’embouteillages. Pour rappel, dans l’optique de moderniser la physionomie urbaine et d’optimiser la mobilité au sein de la capitale, le Gouvernement de la République du Cameroun, en application des hautes directives du Président de la République, à travers le Ministère de l’Habitat et du Développement Urbain (MINHDU), a initié un vaste programme de restructuration des infrastructures routières. Ce programme vise à pallier la dégradation avancée de certains axes névralgiques qui entravent la fluidité du trafic et compromettent la sécurité des usagers. Le projet « Yaoundé Cœur de Ville » (YCDV) constitue la pierre angulaire de cette stratégie, bénéficiant d’un appui structurel via le Contrat de Désendettement et de Développement (C2D) en partenariat avec la France. Présentation du Programme « Yaoundé Cœur de Ville » Le programme YCDV est structuré autour de deux composantes majeures visant une transformation profonde et durable de l’écosystème urbain : Composante 1 : Travaux Structurants (Aménagements de grande envergure) Ce volet, confié au Groupement RAZEL CAMEROUN SA / RAZEL BEC SAS pour un montant global de 35 889 337 566 FCFA TTC et un délai d’exécution de 30 mois, cible les points de congestion majeurs de la cité. Pôle Mvan : Réaménagement complet du carrefour avec mise en place de feux de signalisation et requalification des rues adjacentes (8.078, 8.055, 8.162) en 2×2 voies sur des linéaires significatifs. Il comprend également la construction d’une gare routière moderne de 2 hectares incluant 1 500 m² de bâtiments. Pôle Elig-Effa / Messa : Réalisation d’un passage souterrain à gabarit réduit de 123 mètres de long sous la rue 2.700, aménagement d’un giratoire et d’un square urbain paysager de 3 000 m². Une nouvelle gare routière de 8 500 m² remplacera l’existante pour rationaliser le transport vers l’Ouest. Composante 2 : Actions à Impacts Rapides (Aménagements de proximité) D’un montant de 3 085 098 390 FCFA TTC , cette composante exécutée par RAZEL CAMEROUN vise des résultats immédiats sur la fluidité et le confort des citadins. Optimisation des carrefours : Travaux d’aménagement léger aux carrefours Awaé Escalier et Sous-Manguier , incluant la réfection de la chaussée, l’assainissement, et l’installation de signalisation lumineuse tricolore. Infrastructures de transport artisanal : Aménagement de terminus et d’arrêts minibus sur la rue Marcel Jezouin (Trésor) et l’avenue Mvog Fouda Ada (SOA), dotés de quais, d’auvents et de blocs sanitaires. Approche Participative : Mise en œuvre de cheminements piétons et d’accès sécurisés aux établissements scolaires via une méthodologie de « Pépinière Urbaine » impliquant les populations locales. Travaux de réhabilitation du tronçon « Entrée Hôpital Central – Carrefour Messa –Marché Mokolo » et du tronçon « Carrefour Entrée Résidence PM – Entrée arrière ENAM – Intersection Rue quartier Général » par l’entreprise RAZEL . Ledit projet en cours d’exécution connait un taux d’exécution de 37% sur la tranche ferme. Ce sont des tronçons de voie dont la réhabilitation contribuera à faciliter la mobilité et changer l’image de la ville de Yaoundé. Le",35 889 337 566 FCFA,1 500 m²,Centre,Centre,,web_scraper,https://www.minhdu.gov.cm/voirie-urbaine-le-minhdu-evalue-lavancement-des-travaux-du-projet-yaounde-coeur-de-ville-et-dautres-projets-de-rehabilitation-des-voiries,land,35889337566.0,,
Télécharger le document,"OBTENTION DE L’AGREMENT A L’EXERCICE DE LA PROFESSION  
DE PROMOTEUR IMMOBILIER 
 
Intitule de l’acte : Arrêté portant agrément pour l’exercice de la profession de 
promoteur immobilier. 
 
Initiateur de la procédure : Intéressé (e). 
 
Lieu de dépôt du dossier : Service du courrier 
 
Structure initiatrice : Service des Professions et des Agréments/SDPIAC/DHSPI. 
 
Textes de référence : 
- Loi n°97/003 du 10 janvier 1997 relative à la promotion immobilière ; 
- Loi n° 2004/003 du 21 avril 2004 régissant l’urbanisme au Cameroun ; 
- Décret n°2007/1419/PM du 02 Novembre 2007 fixant les conditions d’application 
de la loi n° 97/003 du 10 janvier 1997 relative à la promotion immobilière ; 
- Loi n°2023/019 du 19 décembre 2023 portant loi de finances de la République du 
Cameroun pour l’exercice 2024 ; 
- Décret n°2011/408 du 09 décembre 2011 portant organisation du Gouvernement 
modifié et complété par le décret n°2019/002 du 04 Janvier 2019 portant 
réaménagement du Gouvernement ; 
- Décret n°2012/384 du 14 septembre 2012 portant organisation du Ministère de 
l’Habitat et du Développement Urbain ; 
- Décret n° 2014/2378/PM du 20 août 2014 modifiant et complétant certaines 
dispositions du décret n° 2007/1419/pm du 02 novembre 2007 fixant les 
conditions d’applications de la loi n° 97/003 du 10 janvier 1997 relative à la 
promotion immobilière ; 
- Décision n°0020/E/2/MINHDU/SG du 02 avril 2008 fixant les conditions 
d’obtention de l’agrément à l’exercice de la profession de promoteur immobilier ; 
- la décision n°0011/E/2/MINHDU/SG/DAJ du 18 Janvier 2017 portant organisation 
et fonctionnement de la Commission Consultative de Promotion Immobilière. 
 
Conditions à remplir : Etre une personne physique ou morale : 
 
✓ Pour les personnes physiques : 
- 
être de nationalité camerounaise ou ressortissant d’un Etat étranger ayant 
conclu un accord de réciprocité avec le Cameroun ; 
- 
être âgées de vingt-et-un (21) an au moins ; 
- 
être en règle vis-à-vis des administrations fiscales et de sécurité sociale ; 
- 
justifier de la garantie financière au tarif en vigueur ; 
- 
ne pas être frappées de l’une des incompatibilités, incapacités ou 
interdictions énumérées aux articles 9 et 10 de la loi n°97/003 du 10 
janvier 1997 relative à la promotion immobilière . 
 
✓ Pour les personnes morales : 
- 
être constituées en société de promotion immobilière telle que prévue par 
la loi sus visée ; 
- 
fixer son siège au Cameroun ; 
- 
être en règle vis–à-vis des administrations fiscales et de sécurité sociale ; 
- 
justifier de la garantie financière ; 
- 
avoir des représentants légaux remplissant les conditions  des personnes 
physiques ci-dessus prévues ; 
- 
se mettre en association ou en groupement avec un promoteur 
camerounais agréé si l’on est étranger 
 
COMPOSITION DU DOSSIER :  
 
• 
Pièces à fournir : 
- 
une demande d’inscription, faite sur papier timbré au tarif en vigueur 
(timbre de 25 000 FCFA) et adressée au Ministre de l’habitat et du 
Développement Urbain ; 
- 
un reçu de versement des frais d’obtention de l’agrément de promoteur 
immobilier de 1 500 000 (d’un million cinq cent mille) FCFA ; 
- 
une attestation de garantie financière d’un montant de  suivant le modèle 
ci-joint et d’un montant de 2 500 000 (deux millions cinq cent mille) FCFA, 
délivrée par une banque de 1er ordre agréée par le Ministère des Finances 
;une police d’assurance professionnelle ; 
- 
un plan de localisation des bureaux signé  et une attestation de localisation 
établis par les services territorialement compétents du Ministère de 
l’Habitat et du Développement Urbain ; 
- 
un extrait du Registre de Commerce et du Crédit Mobilier datant de moins 
de 03 (trois) mois ; 
- 
une copie certifiée conforme de l’attestation d’immatriculation fiscale ; 
- 
une copie certifiée conforme de l’attestation de non redevance ; 
- 
une attestation de non faillite s’il y’a lieu ; 
- 
une attestation d’immatriculation à la CNPS s’il y’a lieu ; 
- 
une copie certifiée conforme de la CNI du gérant ; 
- 
un curriculum vitae daté et signé du gérant ; 
- 
Une expédition des statuts de la société pour la personne morale ; 
- 
Les références bancaires de la société ou les relevés des comptes des 
douze (12) derniers mois ; 
- 
Pour les promoteurs étrangers, justifier de la mise en association avec un 
promoteur immobilier camerounais ; 
- 
Un engagement sur l’honneur de s’assurer le concours de personnel 
qualifié prévu à l’article 19 du décret n°2007/1419/PM du 02 Novembre 
2007 (modèle ci-joint) 
 
• Documents à consulter : 
- 
Communiqué n°00037/E/2/CP/MINHDU/SG/DHSPI/SDPIAC/SPA/C du 14 
avril 2022 (copie jointe en annexe) ; 
- 
Décret n° 2014/2378/PM du 20 août 2014 modifiant et complétant 
certaines dispositions du décret n° 2007/1419/pm du 02 novembre 2007 
fixant les conditions d’applications de la loi n° 97/003 du 10 janvier 1997 
relative à la promotion immobilière.  
 
Signataire de l’acte : le Ministre. 
 
Délai imparti : soixante (60) jou",25 000 FCFA,,Est,Est,2024-02-02,web_scraper,https://www.minhdu.gov.cm/wp-content/uploads/2024/02/OBTENTION-DE-LAGREMENT-A-LEXERCICE-DE-LA-PROFESSION.pdf,development,25000.0,,
Télécharger le document,"INSCRIPTION AU REGISTRE REPERTOIRE DES AGENTS IMMOBILIERS ET 
OBTENTION DE LA CARTE PROFESSIONNELLE  
 
Intitule de l’acte : Carte Professionnelle d’Agent Immobilier. 
 
Initiateur de la procédure : Intéressé (e). 
 
Lieu de dépôt du dossier : Service du courrier 
 
Structure 
initiatrice 
de 
l’acte 
: 
Service 
des 
Professions 
et 
des 
Agréments/SDPIAC/DHSPI. 
 
Textes de référence : 
- 
Loi n°2001/020 du 18 décembre 2001 portant organisation de la profession 
d’agent immobilier ; 
- 
Loi n° 2004/003 du 21 avril 2004 régissant l’urbanisme au Cameroun ; 
- 
Loi n°2023/019 du 19 décembre 2023 portant loi de finances de la République 
du Cameroun pour l’exercice 2024 ; 
- 
Décret n°2007/1138/PM du 03 septembre 2007 fixant les modalités d’application 
de la loi n° 2001/020 du 18 décembre 2001 portant organisation de la profession 
d’agent immobilier ;  
- 
Décret n°2011/408 du 09 décembre 2011 portant organisation du Gouvernement 
modifié et complété par le décret n°2019/002 du 04 Janvier 2019 portant 
réaménagement du Gouvernement; 
- 
Décision n°018/E/2/MINDUH/SG du 02 avril 2008 fixant les modèles de registre 
répertoire et de carnet à souches spécialisé utilisées par les agents immobiliers ; 
- 
Décision n°0019/E/2/MINDUH/SG du 02 avril 2008 fixant le modèle de la carte 
professionnelle des agents immobiliers. 
 
Conditions à remplir :  
- 
être une personne physique ou morale ; 
- 
exercer la profession immobilière ; 
 
• Pour les personnes physiques : 
✓ être titulaire : 
- 
soit d’un diplôme de Licence, à l’issue d’études juridiques, économiques, 
commerciales, délivré par l’Etat ou tout diplôme équivalent ; 
- 
soit  d’un diplôme d’Ingénieur civil, d’Urbaniste ou d’Architecte ; 
- 
soit de l’un des diplômes délivrés par l’Etat ou par un établissement reconnu 
par l’Etat et figurant sur la liste établie par arrêté conjoint  des Ministres 
chargés respectivement de l’habitat et de l’enseignement supérieur. 
 
✓ Ou être titulaire d’un baccalauréat, justifiant d’une expérience professionnelle 
d’au moins dix (10) ans et ayant occupé : 
- 
un emploi permanent dans des organismes qui accomplissent des opérations 
immobilières ; 
- 
un emploi dans un établissement relevant d’un titulaire de la carte 
professionnelle d’agent immobilier ; 
- 
un emploi public lié aux transactions immobilières ou à la gestion immobilière. 
✓ Pour les personnes qui assurent la direction d’une entreprise telles 
que les gérants, mandataires ou celles d’une entreprise individuelle : 
- 
justifier des aptitudes professionnelles ; 
- 
 avoir exercé pendant au moins cinq (5) ans de manière permanente ; 
 
• Pour les personnes morales : 
- 
satisfaire aux conditions d’exercice de la profession de commerçant ; 
- 
employer au moins une personne physique remplissant les conditions 
d’aptitude requises. 
 
Composition du dossier :  
 
• 
Pièces à fournir : 
- 
une demande faite sur papier timbré au tarif en vigueur (timbre de 25 000 
FCFA) et adressée au Ministre de l’habitat et du Développement Urbain ; 
- 
Un reçu de versement des frais d’obtention de la carte professionnelle d’agent 
immobilier de 1 000 000 (un million) FCFA ; 
- 
les copies certifiées conformes des diplômes et titres professionnels requis ; 
- 
une attestation de garantie financière d’un montant de 15 000 000 F.CFA 
(Quinze millions) FCFA, délivrée par une banque de 1er ordre agréée par le 
Ministère des Finances ; 
- 
un extrait du Registre de Commerce et du Crédit Mobilier datant de moins de 
trois (3) mois ; 
- 
une attestation de domiciliation bancaire ; 
- 
une Attestation d’immatriculation fiscale ; 
- 
une copie certifiée conforme de l’attestation de non redevance; 
- 
une attestation de non faillite, s’il y a lieu ; 
- 
une police d’assurance professionnelle ; 
- 
une copie certifiée conforme d’attestation d’immatriculation à la CNPS, s’il y a 
lieu ; 
- 
une copie certifiée conforme de la carte nationale d’identité du gérant ; 
- 
un certificat de nationalité du gérant  ; 
- 
quatre (4) photos 4 x 4 du gérant ; 
- 
un extrait de casier judiciaire du gérant  datant de moins de trois (3) mois ; 
- 
un curriculum vitae du gérant daté et signé; 
- 
un plan de localisation des bureaux et une attestation de localisation établie par 
les services territorialement compétents du Ministère chargé de l’habitat ; 
- 
un expédition des statuts à la société pour des personnes morales ; 
- 
un relevé d’identification bancaire de la société ; 
 
Pièce 
à 
consulter : 
Communiqué 
radio 
– 
presse 
n°00037/E/2/MINHDU/SG/DHSPI/SDPIAC/SPA/C du 14 avril 2022 (copie jointe en 
annexe). 
 
Signataire de l’acte : le Ministre. 
 
Délai imparti : soixante (60) jours. 
 
Modalités de mise à disposition : retrait. 
 
Responsable qualité : Inspecteur Général Chargé des Questions Administratives 
 
 
TRAITEMENT : 
 
MINHDU 
 
DHSPI 
PROCEDURE 
INSCRIPTION AU REGISTRE REPERTOIRE DES 
AGENTS IMMOBILIERS ET OBTENTION DE LA 
CARTE PROFESSIONNELLE  
 
Intervenants 
Opérations 
 
 
 
 
 
 
","25 000 
FCFA",,Est,Est,2024-02-02,web_scraper,https://www.minhdu.gov.cm/wp-content/uploads/2024/02/INSCRIPTION-AU-REGISTRE-REPERTOIRE-DES-AGENTS-IMMOBILIERS-ET-OBTENTION-DE-LA-CARTE-PROFESSIONNELLE.pdf,regulation,25000.0,,
Téléchargé l’exposé (.pdf),"SEMAINE DE L’HABITAT AU CAMEROUN
Bertoua, 1er Octobre 2022
PARTAGE D’EXPERIENCE SUR LA 
STRATEGIE DE GESTION DES
DÉCHETS DANS LA COMMUNE DE
DSHANG
Présenté par: Prof TEMGOUA Emile
1er Adjoint au Maire (Commune de Dschang)
SOMMAIRE
3
Brève Présentation de la Commune de Dschang 
01
Contexte local favorable
02
Historique d ela gestion des déchets à Dschang
03
Résultats obtenus 
04
La Val’Box et son apport dans le processus de tri des déceht
05
Difficultés
06
BREVE PRESENTATION 
DE LA COMMUNE DE 
DSCHANG 
01
4
BRÈVE PRESENTATION 
DE LA COMMUNE DE 
DSCHANG
• 500.000 habitants environ pour une 
superficie de 267km²
• Ville de montagne (1400 m d’altitude) et 
au micro – climat agréable (20°C), 
Dschang est par ailleurs une ville 
agricole,historique touristique , 
universitaire (35 000 étudiants) et 
culturelle.
• 2e ville de l’Ouest, dans une dynamique 
de développement local remarquable à 
la faveur du processus de décentralisation 
mis en place par l’État du Cameroun, mais 
surtout grâce aux initiatives qu’elle 
promeut et à la coopération 
décentralisée internationale. 
01
5
La production de déchets s’accroit de 
façon exponentielle. Certaines rues 
subissent la prolifération 
d’immondices et de dépôts sauvages 
d’ordures.  
Les caniveaux et cours d’eau sont 
assez souvent  bouchés malgré les 
efforts de la municipalité à les curer 
régulièrement 
La venue des déplacés de la crise du 
NOSO va accentué le problème
Les menaces pour la santé des 
populations accroissent  
6
BRÈVE PRESENTATION 
DE LA COMMUNE DE 
DSCHANG
01
7
UN CADRE RÉGLÉMENTAIRE NATIONAL 
FAVORABLE
En 1990 une loi cadre sur l’environnement 
est promulguée et réitère l’implication des 
CTD dans la gestion des déchets;
En  1996, loi-cadre portant gestion de 
l’environnement, donne davantage de 
compétences aux communes;
En 2012, le décret fixant les conditions de 
tri, de collecte, de stockage, de transport, 
de récupérations , de recyclage, de 
traitement et élimination finale des déchets 
est promulguée par l’Etat du Cameroun,
02
CONTEXTE 
NATIONAL 
FAVORABLE
Une forte volonté politique
Un personnel technique motivé
Avec un gisement de 70 tonnes de 
déchets par jour et au moins 80% 
biodégradables, la meilleure option de 
valorisation choisie a été le compostage
Le consentement de la population à 
participer au projet en  s’abonnant à  la 
pré collecte participative
La population essentiellement tournée 
vers l’agriculture en zone périurbaine va 
vite se laisser séduire par la 
vulgarisation de l’utilisation du compost 
dans l’agriculture 
La proximité de l’Université avec un 
laboratoire dédié aux études de sol
02
8
CONTEXTE LOCAL 
FAVORABLE
HISTORIQUE DE 
L’INITIATIVE DE GESTION 
DES DECHETS
2007:  caractérisation des déchets de 
la ville de Dschang par une mission 
d’Aquassistance commandée par 
l’association française ELANS
2008: construction d’une décharge 
controlée à Dschang (Siteu) avec  
l’appui de Nantes Métropole  dans le 
cadre du projet URBA.Cam
2010 : mise en place du projet pilote 
de compostage au quartier Ngui avec 
l’appui technique d’Era-Cameroun et 
l’appui financier du Fonds Français 
pour l’Environnement Mondial 
(FFEM).  
03
9
2011:  lancement du projet de gestion des déchets 
de la ville de Dschang: par les associations ELANS et 
Tockem sur financement du Conseil Départemental 
du Nord de la France
Activités/Résultats:
• Renforcement du parc automobile de la Commune de 
Dschang (02 camions à compaction, 4 mototricycles et 
60 bacs à ordures de 770l acquis, 
• Sensibilisation de la population
• Initiation de la précollecte payante pour permettre à 
tous les usagers d’avoir un service global de collecte 
équitable ; 
• Assainissement des quartiers enclavés et non 
accessibles aux camions de collecte ; 
• Rapprochement des déchets des zones de collecte afin 
d’optimiser la collecte, et  
• Extension de la zone de collecte aux endroits 
inaccessibles par les véhicules de collecte. 
10
HISTORIQUE DE 
L’INITIATIVE DE GESTION 
DES DECHETS
03
• 2014:  lancement du projet de Maitrise, de la 
Gestion, du Traitement et de la Valorisation des 
Déchets Solides Municipaux(MaGeTV) soutenu à 
hauteur de 228 millions de FCFA par l’UE 
(cofinancement de Dschang et de Nantes Métropole)
Activités/Résultats:
• Construction de la 2ème plateforme de compostage à 
Siteu avec plus de 60 jeunes recrutés pour l’activité de 
compostage.
• Création de l’AMGED, pour prendre en main la 
gestion des déchets au lendemain de la fin des ex-
projets de gestion des déchets et de compostage.
• Un schéma directeur élaboré avec l’appui technique 
de Gevalor, aujourd’hui Great, pour la gestion des 
déchets à Dschang. 
• Amélioration de la pratique de compostage pendant 
la période de mise en œuvre de ce projet. 
• Expérimentation du compostage communautaire, une 
pratique importée à Nantes Métropole. 
11
HISTORIQUE DE 
L’INITIATIVE DE GESTION 
DES DECHETS
03
Cette activité a été lancée en 2016 pour résoudre 
le problème de quartiers oubliés par l",,500.000 ha,Centre,Centre,2022-10-01,web_scraper,https://www.minhdu.gov.cm/wp-content/uploads/2022/10/MAIRE-DE-Dschang_Cas-pratique-Gestion-dechets_MINDUH_1-10-2022.pdf,regulation,,5000000.0,
Télécharger le document (.pdf),"INTRODUCTION 
Cities of today are traffic-choked, road crashes kill a total of 3,287 people a day, and 
transport-related emissions are on the rise1. This makes urban mobility which is a factor of 
sustainable development challenging. The world needs to move towards safe, affordable, 
accessible, integrated and sustainable transport systems as stated in target 11.2 of SDG11. 
Cameroon being a signatory of agenda 2030 will be asked how far they have gone with the 
achievement of its goals. It becomes therefore important to study “The challenges of sustainable 
urban mobility in Cameroon” so as to understand it and enable the public authorities to face it.  
After this brief introduction, I will be clarifying key concepts used in the theme so that 
we get to understand what these concepts are all about.  
I. 
CLARIFICATION OF CONCEPTS 
The concepts include: urban mobility, sustainability, sustainable urban mobility and 
challenges. 
A.  
Urban Mobility 
Urban mobility is defined as ‘All of the movement of both people and goods that occur in 
a city via public or private transportation’ 2It is a factor of sustainable development and linked 
to target 11.2 of SDG11.  
B. 
 Sustainability 
The sourcebook, education for sustainable development in action published by the 
UNESCO education sector explains sustainability as “a paradigm for thinking about a future in 
which environmental, social and economic considerations are balanced in the pursuit of 
development and an improved quality of life.”  
C.  
Sustainable Urban Mobility 
According to the World Bank Council for Sustainable Development (WBCSD) 2001, 
sustainable urban mobility is ”The ability to meet the needs of society to move freely, gain 
 
1 https://unhabitat.org/topic/mobility-and-transport, accessed on the 20th of September 2023 at 4:35 am. 
2 https://www.ferrovial.com, accessed on the 17th of September 2023 at 1;00 am.. 
access, communicate, trade, and establish relationships without sacrificing other essential 
human or ecological values today or in the future”3 
D.  
Challenges 
Challenges have several definitions but in this context it can be referred to as “Problems 
that can be solved using science concepts and principles, inquiry and technology”;4 
 Haven clarified these concepts; we will look at the state of affairs of urban mobility in 
Cameroon, using the city of Yaounde as a case study. 
II. 
 URBAN MOBILITY IN CAMEROON: CASE OF YAOUNDE CITY 
A.  
THE STATE OF URBAN MOBILITY IN YAOUNDE CITY  
The transport system in Yaoundé, while being relatively fluid, is accident prone, 
uncomfortable, polluting, and expensive for the population. There are about 8 million of trips 
travelled every day, from which one third are short distance trips travelled by walking or by 
moto-taxis. For longer trips, taxis, motorbikes, and cars are the main modes of transport. Official 
bus service and informal minibuses currently only play a minor role.5 All these modes of 
transport use the same poorly maintained road network and pose challenges for a sustainable 
urban planning with the view to better urban mobility. These challenges need to be examined. 
B.  
THE CHALLENGES 
In terms of safety, mobility in Yaoundé is unsafe. Accidents cause around 1,000 deaths and 
5,000 serious injuries per year. There also exists the risk of assault in taxis. The vehicle fleet is 
very old (20% of vehicles are over 20 years old)6 and is very polluting, emitting large amounts of 
greenhouse gases and air pollutants.  
 
Regarding affordability, mobility is costly in Yaounde. After housing and food, transport 
is the third largest item of expenditure for Yaoundé residents and accounts for more than 11% of 
household spending. The high cost of transport is attributed to the low efficiency of minibuses, 
 
3 P. Kayal, R. Singh and M. Kumar: Defining Sustainable Urban Mobility, The energy and resource institute, TERI-
NFA Working paper No. 11, India, March 2014, p. 8. 
4 http://www.geocities.com/science withpalmer/Author, accessed on the 21st of September 2023 at 9:00 am. 
5 SUMP: SUMP SUMMARY: Yaounde Cameroon,  2020, p.2. 
6 Id. 
taxis, and motor taxis, linked with a poor road network, and the weakness of public transport 
offer.  
 
Talking of accessibility, transport infrastructure is unavailable in many neighborhoods in 
Yaounde and most of those available are in bad state.  The transport system does not take into 
consideration the path way for walking by pedestrians, the two-wheel drive mode of transport, 
the elderly persons and children as well as people with disabilities. There is also the difficulty of 
finding available taxis in some areas and people have to wait for long in hot or rainy 
environments to find one. 
Furthermore, transport and land use policies are not integrated reason why people’s homes 
are being broken and they are forced to relocate. Also, there is the aspect of the lack of resources. 
The financial resources allocated to the construction and mainte",,"4 
 Ha",Est,Est,2023-10-02,web_scraper,https://www.minhdu.gov.cm/wp-content/uploads/2023/10/femme-paneliste-presentation.pdf,price,,40000.0,
Télécharger,"1 
 
 
 
 
APPEL D'OFFRES INTERNATIONAL RESTREINT 
 
N°00036/E/2/AOIR/MINHDU/CIPM/CCCM-SPI/2022  DU 17 JUIN 2022   
POUR LA REALISATION DE l’ETUDE EN VUE  DE L’ELABORATION D’UN PLAN DE 
TRANSPORT ET DE MOBILITE DANS LA VILLE DE NGAOUNDERE, REGION DE 
L’ADAMAOUA, PHASE I 
 
FINANCEMENT : BIP MINHDU/EXERCICE 2022 
 
 
1. OBJET DE L’APPEL D’OFFRES 
Le Ministre de l’Habitat et du Développement Urbain, Maitre d’Ouvrage et Autorité 
Contractante, lance un Appel d'Offres International Restreint pour la réalisation de l’étude en 
vue  de l’élaboration d’un plan de transport et de mobilisation dans la ville de Ngaoundéré, 
Région de l’Adamaoua, phase 1. 
 
2. ALLOTISSEMENT 
Les prestations sont regroupées en un seul lot. 
 
3. CONSISTANCE DE L'ETUDE 
Les prestations attendues du consultant, telles que clairement définies dans les Termes de 
Référence de l’étude, sont Initiation du processus ; 
 Mission 1 : Initiation du processus ; 
 Mission 2 : Etablissement du diagnostic ; 
 Mission 3 : Formulation de la vision et des objectifs stratégiques ; 
 Mission 4 : Développement du scénario retenu ; 
 Mission 5 : Synthèse. 
 
4. PARTICIPATION ET ORIGINE 
La participation à cet appel d’offres est restreinte aux Bureaux d’Etudes techniques ci-
après cités, 
pré-qualifiés 
au 
terme 
de 
l’Appel 
à 
Manifestation 
d’Intérêt 
N°00012/E/2/ASMI/MINHDU/2022 du 04 Mars 2022. Il s’agit de :  
 
Consultant 
Adresse 
Groupement Polygone Sarl / Match Sarl / 
G2 Conception International 
B.P:.33 872 Yaoundé-Cameroun
Email : polygonesarl@yahoo.fr 
Tel : (237) 696 564 095 
Groupement 
-Egis 
Cameroun
-Egis Villes et transports 
BP 911 Yaoundé 
Lieu-dit SIC Hippodrome 
+33 1 39 41 40 00 
Groupement 
-Transitec 
Ingenieurs 
Conseils
-Eco-Access 
Sarl
- Le Competing Sarl 
75 rue de la villette 69003 Lyon,  
lyon@transitec 
Tel : 04 72 37 94 10 
        697 612 021 
REPUBLIQUE DU CAMEROUN 
Paix – Travail – Patrie 
-------- 
 
REPUBLIC OF CAMEROON 
Peace- Work – Fatherland 
-------- 
2 
 
Groupement 
- 
IdeaConsult 
International
- 
PTV 
France
-Studi Cameroun 
Immeuble équinoxe-bloc b 
rue de la bourse 
tel : +216 70 021 700 
mail : idea@ideaconsult.com.tn 
Groupement 
- Integrated Engineering Associates 
(I.E.A) 
and
-Trinity Consult Co Ltd 
Lafon Building Ngeng Junction Bamenda 
Tel /fax : +237 233 363 709 
+237 677 622 199 
+237 677 787 102 
ieacameroon@yahoo.com 
Human Technology Resources (HTR) 
HTR Cameroun
BP 4013 
Yaoundé - Cameroun 
Tel : 222 20 28 86 
http://www.h-tr.com 
 
NB : Les candidats de la liste restreinte ne peuvent pas s’associer en groupement, ni 
avec un candidat ne faisant pas partie de ladite liste. 
 
5. FINANCEMENT 
L’étude objet du présent Appel d’Offres est financée par le Budget d’Investissement Public 
(BIP) MINHDU/EXERCICE 2022. 
 
6. MONTANT PREVISIONNEL 
Le montant prévisionnel des prestations de la phase 1 s’élève à 150 000 000 (Cent cinquante 
millions) FCFA TTC. 
7. ACQUISITION DU DOSSIER D’APPEL D’OFFRES  
 
Le Dossier d'Appel d'Offres peut être consulté et retiré dès publication du présent avis, à la 
Direction des Affaires Générales du Ministère de l’Habitat et du Développement Urbain 
(Service des Marchés Publics) sise au 9è étage-porte 02 de l’immeuble ministériel n°1 
(face Poste Centrale – Yaoundé). Le retrait d’un dossier se fera sur présentation d'une 
quittance de versement d'une somme non remboursable de 100 000 F CFA (Cent mille 
francs CFA) payable au Trésor Public.   
8. PRESENTATION DES OFFRES  
 
Les documents constituant l’Offre seront répartis en trois volumes ci-après, placés chacun 
sous simple enveloppe dont : 
Volume 1 : Pièces administratives ; 
Volume 2 : Offre Technique ; 
Volume 3 : Offre Financière. 
Toutes les pièces constitutives des offres (Volumes 1, 2 et 3), seront placées dans un 
grand pli extérieur scellé portant uniquement la mention de l’Appel d’Offres en question. 
Dans ce grand, on trouvera trois sous-plis répartis comme suit : 
- 
Un sous-pli contenant l’offre administrative et technique en sept (07) exemplaires (un 
(01) original et six (06) copies) chacun ; 
3 
 
- 
Un sous-pli contenant l’offre financière en sept (07) exemplaires dont un (01) original 
et six (06) copies. 
Les différentes pièces de chaque Offre seront numérotées dans l’ordre du DAO, séparées 
par des intercalaires de couleur identique et reliées. 
En plus du nombre d'exemplaires de l'offre financière requis par te règlement particulier 
d'appel d'offres, le Soumissionnaire est tenu de présenter un exemplaire de cette offre 
financière dans une enveloppe séparée scellée et marquée comme tel pour servir d'offre 
témoin destinée à l'Organisme chargé de la régulation des marchés publics pour 
conservation (ARMP). Le défaut de présentation de cette offre témoin entraîne 
l’irrecevabilité de l’offre du candidat concerné. 
9. REMISE DES OFFRES 
 
Chaque offre, rédigée en langue française ou anglaise et en sept (07) exemplaires dont un 
(01) original et six (06) copies marqués comme tels, devra parv",100 000 F CFA,,Adamaoua,Adamaoua,2022-07-15,web_scraper,https://www.minhdu.gov.cm/wp-content/uploads/2022/07/DAO-N°00036-fr.pdf,development,100000.0,,
d,"CELEBRATION DE LA JOURNEE MONDIALE 
DE L’HABITAT EDITION 2023
THEME CENTRAL: RESILIENCE URBAINE ET ENJEUX SOCIAUX ECONOMIQUES
THEME DE LA TABLE RONDE :
PRODUCTION DE MASSE DES LOGEMENTS DECENTS ET ABORDABLES: 
DEFIS,LEVIERS, DETERMINANTS, PARTENARIAT ET PERSPECTIVE 
-------------
PRESENTATION
De  Monsieur Faustin Clovis NOUNDJEU , 
Directeur Général Adjoint de la Société Immobilière du Cameroun
SOUS THEME : UNE PRODUCTION DE MASSE ADAPTÉE 
AUX DIVERSES COUCHES SOCIALES À TRAVERS L’INDUSTRIALISATION
PLAN DE L’EXPOSE
I.
INTRODUCTION
II.
PRODUCTION ACTUELLE DES LOGEMENTS PAR LA SIC
III. ENJEUX ET DEFIS ,PERSPECTIVES
IV. LE PARTENARIAT
V. LES FACTEURS CLES DE SUCCES ET LES OPPORTUNITES
VI. CONCLUSION
I- INTRODUCTION
I -1 CONTEXTE
GÉNÉRALITÉS:  « Se loger constitue un des besoins fondamentaux de tout être humain ».
a) CONTEXTE GENERAL
b) CONTEXTE NATIONAL
C) PROBLEMATIQUE
✓Charte d'Athènes de 1933 ( 4
fonctions anthropologiques);
✓Déclaration des droits de 
l’homme de 1948  Notamment 
le droit à un niveau de vie 
convenable (alimentation, 
habillement, logement)
✓Inscription dans la 
Constitution de nombreux 
pays   
✓Agenda mondiaux ( HABITAT I 
en 1976, HABITAT II en 1996 et   
HABITAT III en 2016
✓Comme repères : objectifs de la
vision
2035
et
la
Stratégie
Nationale
du
Développement
(SND)
2030)
:
Programme
Gouvernemental
de
production
de
logements,
toutes
gammes
confondues
en
cours
de
réalisation.
✓PSD/SIC et sa Vision Stratégique
2035 : 40.000 logements dont
10.000 de haut et moyen Standing
et 30.000 sociaux.
✓Causes majeures à l’échelle 
mondiale de la crise de 
logements : 
i.
L’exode rural, 
ii.
Le boom 
démographique,
✓Conséquences, 
✓Taux d’urbanisation 
exceptionnel: 50 % en 
moyenne à l’échelle 
mondiale avec la 
perspective d’atteindre 
65% d’ici 2050
Quelles dont les dispositions prises par la SIC pour faire face à cette problématique ?
I-2- DÉFINITION DE QUELQUES CONCEPTS
▪Habitat (entendu comme une habitation annexée de son environnement) : Il définit le
cadre et les conditions de vie d’une population en général, un mode de groupement des
établissements humains en particulier.
▪Logement décent : logement bâti dans un environnement loti et sûr au plan des droits
d’occupation, d’accès facile, disposant des services de base individuellement ou
collectivement (eau, électricité et assainissement des eaux usées par égouts ou fosses
septiques),
qui
rendent
cet
habitat
fonctionnel
et
vivable
en
termes
de
santé
environnementale.
▪Logement social :Un logement accessible dont le loyer est fixé en fonction de la capacité
de payer des ménages. Le locataire d’un HLM ne paie par exemple pas plus de 25% de
son revenu comme loyer.il s’agit en outre d’un logement aidé par les pouvoirs publics.
▪Logement abordable : Un logement est considéré comme abordable lorsque son loyer
représente au maximum 90% de la médiane du marché.
▪
Promoteur immobilier : personne physique ou morale qui réalise ou fait réaliser des
opérations de lotissement, d’aménagement de terrains, de construction ou de rénovation
d’immeubles en vue de la vente ou de la location aux particuliers.
II - PRODUCTION DES LOGEMENTS PAR LA SIC 
II.1- ETAT DES LIEUX
Présentation de la (SIC):
▪SAEM (Société Anonyme d’Economie mixte), créée en 1952.
▪Capital : 75 milliards FCFA.
Actionnaires : l’Etat (92%), les CTD(5%) et le
secteur privé (3%).
▪Régie par la Loi N° 2017/011 du 12 juillet 2017 2017 portant statut général des
entreprises publiques, ainsi que les dispositions de l’acte uniforme OHADA
relatif au droit des sociétés commerciales et de groupement d’intérêt
économique;
▪Ses missions :
✓procéder en priorité à l’étude et à la réalisation de tous projets et de
toutes opérations se rapportant à l’Habitat Social ;
II- PRODUCTION DES LOGEMENTS PAR LA SIC
ETAT DES LIEUX (SUITE)
✓réaliser en concertation avec tous les autres organismes chargés de
l’application de la politique de l’habitat du Gouvernement, soit pour son
propre compte, soit pour le compte de tiers, la construction sur tous
terrains, des services communs ou équipements collectifs de toute
nature (centres sociaux, dispensaires, centres commerciaux, groupes
scolaires, bâtiments pour services publics, équipements sportifs, etc…)
afférents à tous ensembles immobiliers, ainsi que le financement total
ou partiel des opérations ;
✓réaliser toutes opérations mobilières, immobilières, commerciales et
financières, se rapportant aux objets ci-dessus ou à des objets
similaires ou connexes.
✓Etc.
II - PRODUCTION DES LOGEMENTS PAR LA SIC(suite)
II,2 FAITS MARQUANTS LA MUTATION DES POLITIQUES DU LOGEMENT : 
TROIS PÉRIODES ESSENTIELLES: PARC LOGEMENTS PRODUITS:  ENVIRON 12,000
Première période 1952 à 1976 :
Naissance du logement 
administratif: 3200 logements 
Deuxième période : 1977 -1996 : 
Les Dix Glorieuses (8800 lgts)
Et désengagement de l’Etat
Troisième période : 1997 à nos jours :
Renaissance
•
SIC : seul opérateur  immobilier 
institutionnel L’Etat actionnaire)
•
Logements réalisés (cadres 
coloniaux et l",,"1976, HA",Centre,Centre,2023-10-02,web_scraper,https://www.minhdu.gov.cm/wp-content/uploads/2023/10/PRODUCTION-DE-MASSE-DES-LOGEMENTS-DECENTS-ET-ABORDABLES-Sic.pdf,land,,19760000.0,
Téléchargé l’exposé (.pdf),"SEMAINE DE L’HABITAT AU CAMEROUN 
DU 27 SEPTEMBRE AU 03 OCTOBRE 2022  A  BERTOUA
Thème de l’exposé: « Types d’opérations de résorption d’habitat 
précaire : rôle des acteurs et modalités d’intervention en synergie »
Paul PONDI BATOUM
Urbaniste Aménageur
Président de l’Ordre National des Urbanistes du Cameroun (ONUC)
TABLE RONDE N°2 :
« Restructuration et rénovation des villes : montage des projets et stratégies 
de mobilisations des ressources »
Bertoua, le 29 septembre 2022
I.
HABITAT PRECAIRE
II.
TYPES D’OPERATIONS DE RESORPTION DE L’HABITAT PRECAIRE
III. ROLE DES ACTEURS
IV. MODALITES D’INTERVENTION
V.
ENJEUX ET PERSPECTIVES
PLAN DE PRESENTATION
Les quartiers d’habitat précaire ou spontané sont des zones d’habitat où les
citadins ont construit des habitations peu décentes, sans l’autorisation des pouvoirs publics,
sur des terrains généralement non sécurisés juridiquement et non aménagés sur le plan
urbanistique.
Ces quartiers qui constituent 60% des tissus urbains et abritent près de 50% des
citadins au Cameroun, se distinguent par:
La promiscuité résidentielle;
Des conditions sanitaires préoccupantes;
La précarité et la vulnérabilité d’une partie
importante de la population;
L’absence ou l’insuffisance des services urbains de base,
des opportunités économiques et des activités culturelles.
I- HABITAT PRECAIRE : DEFINITION
L’insalubrité;
L’insécurité et la délinquance;
L’illégalité des occupations foncières;
4
Zone d’Habitat précaire dans le monde
I- HABITAT PRECAIRE : DEFINITION
5
Zones d’Habitat précaire à Douala
I- HABITAT PRECAIRE : DEFINITION
6
Zones d’Habitat précaire à Yaoundé  
I- HABITAT PRECAIRE : DEFINITION
7
Zones d’Habitat précaire à  Bertoua
I- HABITAT PRECAIRE : DEFINITION
La résorption de l’habitat précaire consiste à concevoir et à implémenter un
ensemble d’actions qui visent à supprimer ou à diminuer l’impact négatif des différents
maux qui ne permettent pas aux habitants d’exister et de manière digne.
Ces actions doivent avoir pour objectif:
L’amélioration des conditions de vie et d’habitabilité des habitants (accès à
l’éducation, la santé, la sécurité, l’eau, l’électricité, l’assainissement, un logement
décent, une parcelle sécurisée);
Le relogement pour certains occupants ;
L’élimination des phénomènes de pauvreté et de ségrégation socio-spatiale
(diminution des vulnérabilités et des risques) ;
La promotion du développement économique et social.
I- HABITAT PRECAIRE : DEFINITION
Il y a lieu préciser que les difficultés économiques et financières, ainsi que les
problèmes divers (conflits armés, pandémie, catastrophes naturelles) entravent la
concrétisation des politiques publiques de résorption d’habitat précaire.
I- HABITAT PRECAIRE : DEFINITION
Dans les années 70, l’éradication des bidonvilles et le relogement de la
population sur de nouvelles zones d’habitat était la réponse publique au phénomène de
l’habitat précaire.
II- TYPES D’OPERATIONS DE RESORPTION D’HABITAT PRECAIRE
Nouvelle zone d’habitat
de Biyem assi à Yaoundé
A partir des années 80, la réponse publique s’est orientée vers la réhabilitation
et l’amélioration progressive des bidonvilles, plutôt que leur démolition, à partir de la
promotion et l’encadrement de l’auto-construction et l’autoproduction de l’habitat.
II- TYPES D’OPERATIONS DE RESORPTION D’HABITAT PRECAIRE
Réhabilitation de la zone
d’habitat de Nylon :
- 700 ha,
- 250.000 habitants
Au début des années 2000, les pouvoirs publics se sont attelés à empêcher la
création de nouveaux quartiers précaires en soutenant la construction des logements
sociaux et le développement des opérations de requalification ou de réhabilitation des
zones d’habitat spontané (« slum upgrading »).
II- TYPES D’OPERATIONS DE RESORPTION D’HABITAT PRECAIRE
logements sociaux
d’ Olembé et
Banga Bakoko
Dans le contexte règlementaire et juridique du Cameroun, les opérations de
résorption de l’habitat précaire sont la rénovation urbaine et la restructuration urbaine.
Selon la loi n° 2004/003 du 21 avril 2004 régissant l’urbanisme au Cameroun, la
rénovation urbaine est un ensemble de mesures et opérations d'aménagement qui
consiste en la démolition totale ou partielle d'un secteur urbain insalubre, défectueux ou
inadapté, en vue d'y implanter des constructions nouvelles.
La même loi définit la restructuration urbaine comme un ensemble d'actions
d'aménagement sur des espaces bâtis de manière anarchique, dégradés ou réalisées en
secteur ancien, destinées à l'intégration d'équipements déterminés ou à l'amélioration
du tissu urbain des agglomérations.
II- TYPES D’OPERATIONS DE RESORPTION D’HABITAT PRECAIRE
A ces deux types opérations, on devrait ajouter un troisième type qui est la création
de nouvelles zones d’habitat qui permettent d’accueillir les nouveaux habitants des villes et
les ménages déplacés n’ayant pas pu être relogés in situ dans le cadre des opérations de
restructuration et de rénovation urbaine.
Ce troisième type d’opération permet de limiter l’aggravation (accueil des nouvea",,700 ha,Est,Est,2022-10-01,web_scraper,https://www.minhdu.gov.cm/wp-content/uploads/2022/10/ONUC-PRESENTATION-ONUC_PONDI-JMH-2022_.pdf,land,,7000000.0,
f),"LES ACTIONS GOUVERNEMENTALES INHERENTES 
AUX LOGEMENTS SOCIAUX
PAR 
MOHAMAN BELLO
SOUS-DIRECTEUR DE L’HABITAT SOCIAL (PI)
JOURNEE MONDIALE DE L’HABITAT 2023.
TABLE RONDE: PRODUCTION EN MASSE DES LOGEMENTS DECENTS ET ABORDABLES
1
JOURNEE MONDIALE DE L’HABITAT 2023
TABLE RONDE: PRODUCTION EN MASSE DES LOGEMENTS DECENTS ET ABORDABLES
LES ACTIONS GOUVERNEMENTALES INHERENTES AUX LOGEMENTS SOCIAUX
PLAN DE L’EXPOSÉ
Contexte ;
Définitions de quelques concepts clés ;
Etat des lieux et difficultés rencontrées dans la mise
en œuvre du PGCLS ;
Politique National de l’Habitat ;
Conclusion.
2
JOURNEE MONDIALE DE L’HABITAT 2023
TABLE RONDE: PRODUCTION EN MASSE DES LOGEMENTS DECENTS ET ABORDABLES
LES ACTIONS GOUVERNEMENTALES INHERENTES AUX LOGEMENTS SOCIAUX
I.
Contexte

D’après les données du Recensement Général de la Population et de l’Habitat de 2005, le
Cameroun comptait 9 villes de plus de 100.000 habitants, 23 villes d’au moins 50.000
habitants et 78 localités d’au moins 10.000 habitats réparties entre toutes les régions.

Cette situation est la résultante de la forte poussée démographique ainsi que de l’exode
massif des populations des zones rurales vers les villes, consécutif à la crise économique du
milieu des années 80.

Il apparaît néanmoins que l’armature urbaine du Cameroun, constitue un atout indéniable pour
l’économie et le développement de notre Pays, car comme le souligne le Document de
Stratégie pour la Croissance et l’Emploi (DSCE), le secteur urbain produit à lui seul plus de
60% du PIB national.

Or force est de reconnaître que malgré cet atout, nos villes peinent encore à être les moteurs
de la croissance et de la création des richesses, notamment en raison de l’insuffisance des
financements alloués à ce sous-secteur.

En conséquence l’on déplore la précarité des infrastructures et services urbains de base,
notamment, les voiries, l’eau, l’électricité ; et la prolifération des bidonvilles ou des habitats
sous-structurés, avec pour corollaires l’aggravation de la pauvreté et de l’insécurité.
3
JOURNEE MONDIALE DE L’HABITAT 2023
TABLE RONDE: PRODUCTION EN MASSE DES LOGEMENTS DECENTS ET ABORDABLES
LES ACTIONS GOUVERNEMENTALES INHERENTES AUX LOGEMENTS SOCIAUX

Pour remédier progressivement à la situation actuelle, le Gouvernement, sous la très
forte impulsion du Président de la République, Son Excellence Paul BIYA, s’est doté
d’un cadre juridique et institutionnel approprié et en constante amélioration, et a
mené ou encouragé diverses opérations permettant d’atténuer les déficits.
Au plan juridique et sans être exhaustif, on peut citer six (06) lois avec leurs
décrets
d’application
respectifs,
portant
notamment
sur
la
promotion
immobilière, la profession d’agent immobilier, l’urbanisme, la location-accession,
la vente d’immeubles à construire et la copropriété ;
Au plan opérationnel, on peut citer le Programme Gouvernemental de
construction de 10.000 logements sociaux initié en décembre 2009, par le Chef
de l’Etat.
4
JOURNEE MONDIALE DE L’HABITAT 2023
TABLE RONDE: PRODUCTION EN MASSE DES LOGEMENTS DECENTS ET ABORDABLES
LES ACTIONS GOUVERNEMENTALES INHERENTES AUX LOGEMENTS SOCIAUX
II.
Rappel de quelques concepts clés

Habitat Social : L’arrêté N°0009/E/2/MINDUH du 21 août 2008 fixant les normes
d’habitat social, à son article 3 définit l’habitat social comme « celui dont une partie
du coût est à la charge de l’Etat, d’une Collectivité Décentralisée ou de toute autre
institution publique, destiné aux ménages à faible revenu » ;

Logement : est un espace bâti qui sert à abriter des personnes ou des ménages ;

Logement Social : est un espace bâti qui sert à abriter les personnes ou les ménages
ne pouvant acquérir ou louer un logement, lorsque toutes les charges de construction et
d’aménagement sont répercutées dans le prix de vente ou le loyer;

Cible : tout bénéficiaire des produits ayant fait l’objet de l’aide ou de la subvention
des pouvoirs publics.
Cette notion de cible, renvoie spécifiquement à deux concepts sous-jacents que sont la
légitimité (droit au produit…) et l’éligibilité (respect des critères d’octroi du
produit…). Il s’agit d’un indicateur essentiel devant sous-tendre les politiques de
logement et d’habitat social du Gouvernement, au profit des populations vulnérables.
5
JOURNEE MONDIALE DE L’HABITAT 2023
TABLE RONDE: PRODUCTION EN MASSE DES LOGEMENTS DECENTS ET ABORDABLES
LES ACTIONS GOUVERNEMENTALES INHERENTES AUX LOGEMENTS SOCIAUX
III.
Etat des lieux et difficultés rencontrées dans la 
mise en œuvre du PGCLS
1.
Etat des lieux
Les différentes composantes dudit Programme sont :
La construction de 1 675 logements sociaux à Yaoundé, à Douala ;
La construction de
1 520 logements par le biais de la Coopération Chinoise
dans six (06) villes ;
La construction de 800 logements dans le cadre du volet Habitat du Plan
d’Urgence Triennal (PLANUT) décidée en 2015 par le Chef de l’Etat ;
La construction de 640 logements par la firme multinationale Suisse COFFOR
CEMAC S.A, sous finance",,100.000 ha,Centre,Centre,2023-10-02,web_scraper,https://www.minhdu.gov.cm/wp-content/uploads/2023/10/LES-ACTIONS-GOUVERNEMENTALES-INHERENTES-AUX-LOGEMENTS-SOCIAUX.pdf,land,,1000000.0,
Télécharger," 
 
1
 
 
AVIS D'APPEL D'OFFRES NATIONAL RESTREINT 
N° 00039/E/2/AONR/MINHDU/CIPM/2022 DU 17 JUIN 2022 
POUR LES ETUDES TECHNIQUES ET EIES EN VUE DE LA CONSTRUCTION DE CERTAINES VOIES D’ACCES 
AUX EDIFICES PUBLICS DANS LES LOCALITES ENVORONNANTES ET VOIES DE RACCORDEMENT A 
L’AUTOROUTE YAOUNDE-NSIMALEN (EN PROCEDURE D’URGENCE). 
FINANCEMENT : Fonds Routier, Exercices 2022 et suivants 
 
1. Objet de l'Appel d'Offres 
Le Ministre de l’habitat et du développement Urbain, Maître d’ouvrage et Autorité Contractante, lance, pour le compte de 
l’Etat du Cameroun, un Appel d'Offres National Restreint pour les études techniques et EIES en vue de la 
construction de certaines voies d’accès aux édifices publics dans les localités environnantes et voies de 
raccordement à l’autoroute Yaoundé-Nsimalen (en procédure d’urgence). 
 
2. Allotissement  
Les prestations sont regroupées en un seul lot. 
 
3. Consistance de l'étude 
Les prestations consistent, en un lot unique, en la réalisation des études d’ingénierie comprenant les missions ci-après : 
Mission 1
Etudes préliminaires
Mission 2
Etudes d’APS
Mission 3
Études d’Avant-Projet Détaillé (APD), élaboration des Dossiers de Consultation des Entreprises 
(DCE) de travaux et contrôle, coûts prévisionnels (travaux et contrôle) 
Mission 4
Etudes d’impact environnemental et social (EIES)
 
4. Participation et origine 
La participation à cet appel d’offres est restreinte aux Bureaux d’Etudes Techniques ci-après cités, pré-qualifiés à l’issu 
de l’Appel à Manifestation d’Intérêt N°00025/E/2/ASMI/MINHDU/2022 du 11 Mai 2022 pour les études techniques et 
EIES en vue de la construction de certaines voies d’accès aux édifices publics dans les localités environnantes et voies 
de raccordement à l’autoroute Yaoundé-Nsimalen (en procédure d’urgence). Il s’agit de : 
 
N°
BET
ADRESSES
TELEPHONES
1
CABINET TWS 
BP 22 Bafoussam
679 12 03 81
2 
Gpt INOV ENGINEERING GROUP / 
DIDON CONSEIL 
BP : 13 069 Yaoundé BP : 
30 011 Yaoundé 
652 96 32 08 / 677 01 08 08
222 20 69 09 / 656 68 63 90 
3 
TGBT 
BP : 3 969 Yaoundé
656 172 044
 
NB : Les candidats de la liste restreinte ne peuvent pas s’associer en groupement, ni avec un candidat ne faisant 
pas partie de ladite liste. 
 
5. Financement 
Les études objet du présent Appel d'Offres sont financées par le Fonds Routier, exercices 2022 et suivants. 
REPUBLIQUE DU CAMEROUN 
Paix – Travail – patrie 
----------- 
REPUBLIC OF CAMEROON 
Peace – Work – Fatherland 
----------- 
MINISTERE DE L’HABITAT ET DU
DEVELOPPEMENT URBAIN 
------------- 
MINISTRY OF HOUSING
AND URBAN DEVELOPMENT 
------------ 
 
 
2
6. Montant prévisionnel 
Le montant prévisionnel des prestations s’élève à 90 000 000 (quatre-vingt-dix millions) FCFA TTC et est réparti 
comme suit : 
- 
Tranche ferme : 43 751 989 F CFA ; 
- 
Tranche conditionnel : 46 248 011 F CFA. 
 
7. Consultation du Dossier d'Appel d'Offres 
Le Dossier d'Appel d'Offres en version physique peut être consulté aux heures ouvrables à la  Direction des Affaires 
Générales / Service des Marchés Publics du Ministère de l’Habitat et du Développement Urbain, sis au  9e étage porte 
02 de l’immeuble Ministériel N° 1 à  Yaoundé et la version électronique sur la plateforme COLEPS aux adresses 
http://www.marchespublics.cm et http://www.publiccontracts.cm dès publication du présent avis. 
 
8. Acquisition du dossier d’appel d’offres 
Le Dossier d’Appel d’Offres peut être consulté et retiré dès publication du présent avis à la Direction des Affaires 
Générales du Ministère de l’Habitat et du Développement Urbain (Service des Marchés Publics) sise au 9è étage porte 
09T02 de l’immeuble Ministériel N° 1 (en face de la Poste Centrale), sur présentation d’une quittance de versement 
d’une somme non remboursable de cent mille (100.000) FCFA payable au Trésor Public au titre des frais d’acquisition 
du dossier d’appel d’offres. 
 
9. Mode de soumission  
 Le mode de soumission retenu pour cette consultation est en ligne ou hors ligne. 
 
10. Présentation des offres 
Les documents constituant l’Offre seront répartis en trois volumes ci-après, placés chacun sous simple enveloppe dont : 
Volume 1 : Pièces administratives ; 
Volume 2 : Offre Technique ; 
Volume 3 : Offre Financière. 
Toutes les pièces constitutives des offres (Volumes 1, 2 et 3), seront placées dans un grand pli extérieur scellé portant 
uniquement la mention de l’Appel d’Offres en question. 
Dans ce pli, on trouvera trois sous-plis répartis comme suit : 
- 
Un sous-pli contenant l’offre administrative et technique en sept (07) exemplaires (un (01) original et six (06) 
copies) chacun ; 
- 
Un sous-pli contenant l’offre financière en sept (07) exemplaires dont un (01) original et six (06) copies ; 
Les différentes pièces de chaque Offre seront numérotées dans l’ordre du DAO, séparées par des intercalaires de 
couleur identique et reliées. 
En plus du nombre d'exemplaires de l'offre financière requis par te règlement particulier d'appel d'offres, le 
Soumissionnaire es",43 751 989 F CFA,,Est,Est,2022-07-19,web_scraper,https://www.minhdu.gov.cm/wp-content/uploads/2022/07/DAO-00039-fr.pdf,development,43751989.0,,
Various Roads and Networks,"AUTOROUTE YAOUNDE - NSIMALEN Télécharger la plaquette du projet Ce projet comporte deux sections : Section en rase campagne : AHALA-Carrefour MEYO-Carrefour Nsimalen, longue de 10,8km Section urbaine : Raccordement avec la section en rase campagne à Ahala-Trois statues-Poste Centrale- Carrefour Warda- Carrefour Sous-préfecture Tsinga, longue d’environ 10 km. I- Section dite rase campagne Notification de l’OS de démarrage des prestations et travaux : 02 mai 2015 Démarrage du projet : Début juillet 2014 Délai : Trente-six(36) mois Montant marché et base : Travaux : 36 745 317 608 F CFA Contrôle : 2 177 534 813 F CFA Assistance à Maîtrise d’Ouvrage Géotechnique : 900 000 000 F CFA Financement BIT/MINHDU, exercices 2013 et suivants ZONE DU PROJET Région du centre, notamment dans les départements de la Mefou et Afamba, de la Mefou et Akono et du Mfoundi. DEFINITION ET ATTRIBUTION Autorité contractante : Ministre Délégué à la Présidence chargé des Marchés Publics; Maître d’Ouvrage : Ministre de l’Habitat et du Développement Urbain; Chef de service du Marché : Directeur des Opérations Urbaines du MINHDU; Ingénieur du Marché : Délégué Régional MINDUH/CENTRE/DIRECTEUR des Services Techniques de la CUY; Entreprise : CHINA COMMUNICATIONS COMPAGNIE LTD (CCCC); Maître d’œuvre : Groupement de bet Study international/CENOR/Ecta-BTP; Commission compétente : CCPM-TR; Organisme payeur : Fond Routier à travers le guichet investissement. CARACTERISTIQUE DU PROJET Construction de trois (03) échangeurs au niveau d’AHALA, de MEYO et NSIMALEN; Construction de trois (03) ponts et des ouvrages hydrauliques; Construction d’une chaussée autoroutière d’environ 10,8 km, de profil en travers type : Deux chaussées de trois voies chacune (2×10.5m) de largeur; Deux bandes d’arrêt d’urgence (BAU) de 1.5m de largeur chacun. Une terre plein centrale (TPC) de 5 m de large comprenant : deux bandes dérasées (BDG) de 1 m de large chacune et une bande médiane de 3 m de largeur; Une berme coté extérieur de 0.5m de large; II- SECTION URBAINE La section urbaine qui se réalise en mode « Étude/Réalisation », les marchés ont été attribués à (03) trois suivant l’allotissement ci-après : Montant des Marchés : Études : le coût de l’Assistance à Maîtrise d’Ouvrage (AMO) est de 2 754 675 000 F CFA; Assistance à Maîtrise d’Ouvrage Géotechnique (LABOGENIE) : 1 300 000 000 F CFA; Travaux : le coût des marchés sera connu à l’issu des études en Avant Projet Sommaire(APS). III- NIVEAU D’EXECUTION Taux d’avancement général des travaux . Il est estimé à 35% au mois de juillet 2016 et détaillé comme suit : Dans la Section en rase campagne : Dégagement des emprises : 48%; Débroussaillage : 30%; Déblais meubles ou rippables : 44%; Déblais rocheux 95%; Purge : 50%; Substitution en concassé 0/150 des zones marécageuses : 45%; Réglage et compactage de la plate-forme en déblai : 41%; Remblai en provenance d’emprunt : 3%; Remblai en provenance de déblai : 7%. Dans la section urbaine, des mesures urgentes sont en train d’être prises pour accélérer les travaux sur le terrain, de manière à avoisiner d’ici la fin d’année 2016 un taux d’avancement de 70%. Indemnisations Les Décrets portant indemnisation des personnes victimes de perte de droits fonciers ont été signés le 28 janvier 2014 et le 21 juillet 2014 pour les départements de la Mefou et Afamba (2,8 km) et la Mefou et Akono 3 km) respectivement. Celui du département du Mfoundi a été signé le 17 août 2015. A date, le paiement des indemnisations dans les 100 m d’emprise du projet a été effectif sur les 2,8 km de la section appartenant au département de la Mefou et Afamba. Dans la Mefou et Akono, le paiement des indemnisations a été effectif dans les 100 m d’emprise du projet sur les 3 km. Le Décret portant d’Indemnisation des personnes victimes de perte de droits fonciers dans le département du Mfoundi signé le 17 août 2015, permettra de libérer le linéaire du projet dans les 100 m d’emprise. Le paiement de ces indemnisations a récemment connu un début d’exécution. PROJET DE CONSTRUCTION DE LA VOIE DE CONTOURNEMENT DE YAOUNDE https://www.yaoundevcy.com PROJET PONT MIZAO Présentation Faisant suite à l’effondrement du pont existant et des mouvements de sol qui s’en sont suivis dans la dite zone, il s’est avéré nécessaire de reconstruire un nouveau pont sur le même site et améliorer la mobilité des populations riveraines. Ce projet consistait à reconstruire un pont de 60ml sur le fleuve Mizao, type Bipoutre mixte acier-béton avec radier submersible et ses accès (580 ml) en béton bitumineux dans la ville de Maroua. Ce projet avait pour objectif général de contribuer à l’amélioration la mobilité des populations riveraines d’une part et des conditions de vie des populations de Maroua d’autre part. Spécifiquement, il s’agira pour ce projet de : – reconstruire un pont de 60ml sur le fleuve Mizao ; – Réhabilitation de 580 ml de voies d’accès au pont en BB ; – Déplacement, construction et sécurisation des réseaux divers ; – Pose de l’",36 745 317 608 F CFA,,Centre,Centre,,web_scraper,https://www.minhdu.gov.cm/en/projects/various-roads-and-networks,land,36745317608.0,,
PLANUT,"DESCRIPTION LES PROJETS DU PLANUT Composante Habitat du PLANUT Infrastructures à construire dans chacune des 8 régions (excepté le Centre et le Littoral) 5 immeubles en Rez-de-Chaussée + 2 comportant 2 appartements T 3 (2 chambres + 1 salon) par niveau; 5 immeubles en Rez-de-Chaussée + 2 comportant 2 appartements T 4 (3 chambres + 1 salon); 12 villas T4 simples; 28 villas jumelées; 1 école primaire et maternelle (20 salles de classe, 1 bibliothèque, 1 salle informatique, 2 salle de repos, 1 restaurant); 1 supermarché; 1 centre de santé; 2 bâtiments à usage de bureaux pour les services publics; 4 locaux pour équipements d’angle de rue (petit commerce); 1 station d’épuration; 1 réservation de 2000 m2 de terrain pour la construction d’une brigade de gendarmerie; 1 réservation de 2000 m2 de terrain pour la construction d’un Commissariat de Sécurité Publique. Nom du PROJET most viewed articles to read also Logements sociaux à Douala : le gouvernement accélère et promet des titres fonciers en 2026 Cérémonie de présentation des vœux au MINHDU : Un bilan 2025 riche et plus de 400 milliards pour les villes de demain. Conférence annuelle du MINHDU : l'engagement ferme pour une mobilité urbaine moderne au Cameroun. CREDITS TRANSFERES : Le MINHDU appelle à un meilleur suivi en 2026 Accès Rapide États Généraux de la Gestion des Déchets dans les Villes. Signaler une Zone ou une Contruction à Risque Lutte contre la corruption The Events Informations Request Tender Notices Démarche Construire Acquisition Logements Sociaux Real Estate Agents Picture Gallery Emmission le Citadin Ne ratez pas notre émission hebdomadaire du Samedi qui sera diffusée sur la radio POSTE NATIONAL 94.0 FM dès 16h30 Useful Links Presidence of the Republic Senat National Assembly Prime Minister's Office MINFI MINDCAF DGI CFC SIC MAETUR CUY CUD Picture Gallery Vidéos Speechs Contact-Us",,2000 m2,Centre,Centre,,web_scraper,https://www.minhdu.gov.cm/en/planut,housing,,2000.0,
Logements sociaux à Douala : le gouvernement accélère et promet des titres fonciers en 2026,"Logements sociaux à Douala : le gouvernement accélère et promet des titres fonciers en 2026 [wp-word-count] words | [wp-word-count-reading-time] | 26 Facebook Twitter Gmail Yahoo Mail Le Ministre de l’Habitat et du Développement Urbain a présidé la cérémonie solennelle de remise des clés à de nouveaux acquéreurs des logements sociaux à Mbanga Bakoko, à Douala, ce 12 février 2026. Cinquante-sept nouveaux acquéreurs étaient les heureux bénéficiaires du jour. Il s’agit de marquer une étape décisive dans la mise en œuvre de la politique nationale de l’habitat, impulsée par le Président Paul Biya, SEM Paul Biya. Ce vaste programme gouvernemental prévoit la construction de 10 000 logements sociaux et l’aménagement de 50 000 parcelles constructibles, visant à réduire le déficit en logements et à promouvoir un accès décent au logement pour les Camerounais. L’événement, hautement symbolique, a permis à de nouveaux acquéreurs de recevoir les clés de leur logement, portant le total des logements achevés dans la phase pilote à 1 130 sur 1 675 prévus. Sur le site de Mbanga Bakoko, 670 logements sont déjà livrés, avec 40 supplémentaires attendus d’ici mars et 30 autres en avril. Il est important de souligner qu’avec le PLANUT Habitat, le programme chinois et les logements des PME, c’est un total de 3 585 logements déjà achevés ; depuis le lancement des remises des clés, près de 3 000 familles sont logées de façon décente. Pour cette 13ᵉ cérémonie du genre, dont la huitième à Mbanga Bakoko, Célestine Ketcha Courtès a rappelé son engagement pris en 2018 : à son arrivée, seuls 420 logements étaient achevés depuis le lancement du projet pilote en 2009. « Je l’avais promis, et c’est désormais devenu un rendez-vous régulier », a-t-elle déclaré, annonçant son retour imminent sur le site pour de nouvelles remises. Surmontant les obstacles pour une relance réussie, malgré des difficultés initiales liées à la faible capacité de certaines PME locales, le gouvernement a relancé les travaux en contractualisant de nouvelles entreprises aux performances avérées, grâce à des accords exceptionnels du Ministre des Marchés publics. Des réflexions avec le Ministre des Domaines, du Cadastre et des Affaires foncières ont aussi avancé sur les titres de propriété, avec une priorité pour leur délivrance effective en 2026. Le MINHDU a salué les efforts des directeurs généraux de la SIC, MAETUR, CFC et LABOGENIE, tout en interpellant ENEO et CAMWATER pour plus de célérité dans les branchements. Elle a exhorté les équipes multidisciplinaires à persévérer et invité les habitants installés à accueillir les nouveaux acquéreurs dans un esprit de convivialité, en respectant les règlements de copropriété. Dans leurs prises de parole, Ngo Epoupé Raphaël, président du Comité de Développement de la cité de Mbanga Bakoko, a une fois de plus remercié le Chef de l’État à travers le MINHDU pour toutes les sollicitudes dont ils bénéficient depuis leur installation. Lors d’une autre mission instruite par le MINHDU, une somme de 500 000 FCFA leur a été remise comme contribution du Ministre pour rafraîchir les murs d’un bâtiment témoin, afin de contribuer à maintenir l’éclat de cette nouvelle ville. En ce qui concerne les nouveaux acquéreurs, dont Madame Ndomo Adessa était la porte-parole, leurs remerciements ont été adressés au Président de la République pour le respect de sa parole : malgré l’attente, ils ont enfin les clés de leur logement. Cette cérémonie illustre la détermination du gouvernement à concrétiser la vision du Président de la République, SEM Paul Biya, d’offrir « à chaque citoyen camerounais un toit décent pour loger sa famille ». Au-delà des briques et du mortier, elle symbolise une justice sociale en marche, transformant des années d’attente en joie palpable pour des milliers de familles. L’année 2026 s’annonce comme celle de l’accélération, avec des titres fonciers et une urbanisation plus inclusive. Entre les deux cérémonies, à savoir le lancement du Budget d’Investissement Public à travers les crédits transférés aux CTD et la cérémonie de remise des clés à Mbanga Bakoko, le MINHDU a visité certains travaux de voirie en cours ou achevés dans le cadre du Programme « Douala intra-muros sans nids de poule ». Au-delà des travaux de voirie réalisés dans le cadre du BIP MINHDU ou du Fonds routier, la capitale économique a bénéficié de plusieurs kilomètres de voirie grâce au Projet de Développement des Villes Inclusives et Résilientes (PDVIR) qui s’est achevé en juin 2026. Tandis qu’avec le Projet de Mobilité Urbaine de Douala (PMUD) qui s’implante et le Projet Villes et Gestion Foncière Durable (PVGFD) qui succède au PDVIR, des projets qui bénéficient d’un financement de la Banque mondiale, c’est un nouveau paysage de la mobilité urbaine de la ville de Douala qui est en gestation. 0 Comments Submit a Comment Cancel reply You must be logged in to post a comment. to read also Logements sociaux à Douala : le gouvernement accélère et promet des titres fo",500 000 FCFA,,Est,Est,,web_scraper,https://www.minhdu.gov.cm/en/logements-sociaux-a-douala-le-gouvernement-accelere-et-promet-des-titres-fonciers-en-2026,land,500000.0,,
Logements sociaux à Douala : le gouvernement accélère et promet des titres fonciers en 2026 - MINHDU,"Logements sociaux à Douala : le gouvernement accélère et promet des titres fonciers en 2026 [wp-word-count] mots | [wp-word-count-reading-time] | 26 Facebook Twitter Gmail Yahoo Mail Le Ministre de l’Habitat et du Développement Urbain a présidé la cérémonie solennelle de remise des clés à de nouveaux acquéreurs des logements sociaux à Mbanga Bakoko, à Douala, ce 12 février 2026. Cinquante-sept nouveaux acquéreurs étaient les heureux bénéficiaires du jour. Il s’agit de marquer une étape décisive dans la mise en œuvre de la politique nationale de l’habitat, impulsée par le Président Paul Biya, SEM Paul Biya. Ce vaste programme gouvernemental prévoit la construction de 10 000 logements sociaux et l’aménagement de 50 000 parcelles constructibles, visant à réduire le déficit en logements et à promouvoir un accès décent au logement pour les Camerounais. L’événement, hautement symbolique, a permis à de nouveaux acquéreurs de recevoir les clés de leur logement, portant le total des logements achevés dans la phase pilote à 1 130 sur 1 675 prévus. Sur le site de Mbanga Bakoko, 670 logements sont déjà livrés, avec 40 supplémentaires attendus d’ici mars et 30 autres en avril. Il est important de souligner qu’avec le PLANUT Habitat, le programme chinois et les logements des PME, c’est un total de 3 585 logements déjà achevés ; depuis le lancement des remises des clés, près de 3 000 familles sont logées de façon décente. Pour cette 13ᵉ cérémonie du genre, dont la huitième à Mbanga Bakoko, Célestine Ketcha Courtès a rappelé son engagement pris en 2018 : à son arrivée, seuls 420 logements étaient achevés depuis le lancement du projet pilote en 2009. « Je l’avais promis, et c’est désormais devenu un rendez-vous régulier », a-t-elle déclaré, annonçant son retour imminent sur le site pour de nouvelles remises. Surmontant les obstacles pour une relance réussie, malgré des difficultés initiales liées à la faible capacité de certaines PME locales, le gouvernement a relancé les travaux en contractualisant de nouvelles entreprises aux performances avérées, grâce à des accords exceptionnels du Ministre des Marchés publics. Des réflexions avec le Ministre des Domaines, du Cadastre et des Affaires foncières ont aussi avancé sur les titres de propriété, avec une priorité pour leur délivrance effective en 2026. Le MINHDU a salué les efforts des directeurs généraux de la SIC, MAETUR, CFC et LABOGENIE, tout en interpellant ENEO et CAMWATER pour plus de célérité dans les branchements. Elle a exhorté les équipes multidisciplinaires à persévérer et invité les habitants installés à accueillir les nouveaux acquéreurs dans un esprit de convivialité, en respectant les règlements de copropriété. Dans leurs prises de parole, Ngo Epoupé Raphaël, président du Comité de Développement de la cité de Mbanga Bakoko, a une fois de plus remercié le Chef de l’État à travers le MINHDU pour toutes les sollicitudes dont ils bénéficient depuis leur installation. Lors d’une autre mission instruite par le MINHDU, une somme de 500 000 FCFA leur a été remise comme contribution du Ministre pour rafraîchir les murs d’un bâtiment témoin, afin de contribuer à maintenir l’éclat de cette nouvelle ville. En ce qui concerne les nouveaux acquéreurs, dont Madame Ndomo Adessa était la porte-parole, leurs remerciements ont été adressés au Président de la République pour le respect de sa parole : malgré l’attente, ils ont enfin les clés de leur logement. Cette cérémonie illustre la détermination du gouvernement à concrétiser la vision du Président de la République, SEM Paul Biya, d’offrir « à chaque citoyen camerounais un toit décent pour loger sa famille ». Au-delà des briques et du mortier, elle symbolise une justice sociale en marche, transformant des années d’attente en joie palpable pour des milliers de familles. L’année 2026 s’annonce comme celle de l’accélération, avec des titres fonciers et une urbanisation plus inclusive. Entre les deux cérémonies, à savoir le lancement du Budget d’Investissement Public à travers les crédits transférés aux CTD et la cérémonie de remise des clés à Mbanga Bakoko, le MINHDU a visité certains travaux de voirie en cours ou achevés dans le cadre du Programme « Douala intra-muros sans nids de poule ». Au-delà des travaux de voirie réalisés dans le cadre du BIP MINHDU ou du Fonds routier, la capitale économique a bénéficié de plusieurs kilomètres de voirie grâce au Projet de Développement des Villes Inclusives et Résilientes (PDVIR) qui s’est achevé en juin 2026. Tandis qu’avec le Projet de Mobilité Urbaine de Douala (PMUD) qui s’implante et le Projet Villes et Gestion Foncière Durable (PVGFD) qui succède au PDVIR, des projets qui bénéficient d’un financement de la Banque mondiale, c’est un nouveau paysage de la mobilité urbaine de la ville de Douala qui est en gestation. 0 commentaires Soumettre un commentaire Annuler la réponse Vous devez vous connecter pour publier un commentaire. à lire aussi Logements sociaux à Douala : le gouvernement a",500 000 FCFA,,Est,Est,,web_scraper,https://www.minhdu.gov.cm/logements-sociaux-a-douala-le-gouvernement-accelere-et-promet-des-titres-fonciers-en-2026,land,500000.0,,
Télécharger le fichier," 
 
 
MOBILITE URBAINE DE YAOUNDE :  
SEM PAUL BIYA GRAND ARCHITECTE DU 
NOUVEAU YAOUNDE 
 
LES INTERVENTIONS DU MINHDU : 
ZOOM SUR LES GRANDES ACTIONS À YAOUNDE 
ET LES PERSPECTIVES 
 
 
Novembre 2023
REPUBLIQUE DU CAMEROUN 
Paix – Travail – Patrie 
------------ 
 
REPUBLIC OF CAMEROON 
Peace – Work – Fatherland 
------------ 
MINISTERE DE L’HABITAT ET DU 
DEVELOPPEMENT URBAIN 
---------------- 
 
MINISTRY OF HOUSING AND  
URBAN DEVELOPMENT 
-------------- 
 
 
 
 
2 
Résumé 
La transformation de la physionomie des villes camerounaises, selon la vision du 
Chef de l’Etat, reste et demeure le souci permanent du Ministère de l’Habitat et du 
Développement Urbain. La ville de Yaoundé, Cité Capitale, est au cœur de cette 
attention. Au cours des cinq dernières années, des efforts importants ont été 
consentis pour la construction, la réhabilitation et l’entretien des infrastructures de 
voiries et d’assainissement de la ville par le MINHDU, à travers des ressources 
internes et celles issues des bailleurs de fonds internationaux. Nous présentons dans 
ce Mémo un panorama des réalisations menées à cet effet. 
Il convient également de souligner que, dans le cadre de la mise en œuvre de la 
décentralisation, le MINHDU confie aux CTD l’exécution des travaux routiers et 
d’assainissement en leur délégant chaque année des crédits.  
La dynamique impulsée dans la ville de Yaoundé par les pouvoirs publics a attiré de 
nombreux bailleurs pour le financement de plusieurs programmes et projets à grand 
impact sur la mobilité urbaine. Certains comme le PDVIR sont en cours ; d’autres 
sont parvenus à maturité et démarrerons en 2024.  
Par conséquent, sur la base des réalisations récentes, des opérations en cours, et 
celles projetées dès 2024, il y a lieu de rassurer l’ensemble des acteurs et les 
populations sur la transformation de la physionomie de cette ville sur des bases 
durables. 
I. Zoom sur les Grandes actions récentes 
Le MINHDU s’est déployé sur la voirie de la ville de Yaoundé à travers les projets de 
la coopération, C2D et PDVIR, mais aussi grâce aux programmes spéciaux impulsés 
par le Chef de l’Etat (dont le PLANUT, Plan d’Urgence Triennal pour l’Accélération de 
la Croissance Économique), aux travaux spéciaux de la Coupe d’Afrique des Nations, 
aux travaux spéciaux du Chef de l’Etat, au Fonds routier et au Budget 
d’Investissement Public (BIP), dont, il convient de le rappeler, une partie est affectée 
directement aux Maires dans le cadre du transfert des compétences.  
Ainsi, le PLANUT a réhabilité 26 km de voirie dans la ville de Yaoundé 29 
652 602 330 FCFA TTC, dont les axes les plus visibles sont les voies Mosquée 
Essos – Rond-point Mimboman et bretelles, Abattoir Etoudi – Marché de bétail – 
Nkolmbong et bretelles, Carrefour Jean Vespa – Febe, Voie de contournement arrière 
de la station-service MRS Nsimeyong et Bretelles, Voies de dessertes au quartier 
Biyem-Assi (Rue Cocotier-Inter, voies vers Rond-Point jusqu’à l’Entrée Mosquée et 
 
3 
Château d’eau). 
En ce qui concerne la CAN, c’est environ 15 km de voiries qui ont été 
construites dans la Cité capitale pour un budget de près de 72 milliards 
notamment, les voies d’accès autour du stade d’Olembé (6,94 km, y compris 4000 
m2 de parkings) ; Tsinga village-carrefour petit marché Fougerolles  (4,10 
km) ; Tsinga Village –Carrefour NSAN-GMI (0,918 km) ; Carrefour TSINGA Village-
OLEMBE II (5,07 km); Borne fontaine Emana – lycée d’Emana – Hôpital deo Gracias 
» (1,96 km) ; Carrefour Mballa – Cimetière Fougerole, longueur de 3, 718km ; 
Carrefour Abega- Carrefour Onambele (1,10 km).  
L’Autoroute Yaoundé – Nsimalen, section rase Campagne a été achevée mis en 
service le 05 janvier 2022. Des travaux additionnels de sécurisation ont été 
menés tels que l’implantation des équipements et postes de vidéo surveillance, 
opérationnels depuis le 08 juin 2023. 
En février 2021, le Chef de l’Etat a prescrit l’exécution des travaux d’urgence dans 
les villes de Douala et Yaoundé. À cet effet, plus de 10 Km de voiries parmi 
lesquels la voie Lycée Bilingue d’Essos-Carrefour Hôtel du Plateau-
Mimboman Liberté, ont été entretenus dans la ville de Yaoundé pour un 
budget de 2 milliards de FCFA.  
Plusieurs Communes de la ville de Yaoundé ont reçu des crédits transférés pour 
l’entretien des voiries de leurs circonscriptions respectives. Au cours de la période 
2019 – 2023, 3,5 milliards de FCFA ont été alloués à ces Communes par le 
MINHDU pour l’entretien routier.  
Le Projet de Développement des Villes Inclusives et Résilientes (PDVIR) 
dans le cadre de l’amélioration de la connectivité et du cadre de vie des populations, 
se déploie dans les Communes d’arrondissement de Yaoundé V et VII 
(Nkolmensseng et Nkolbisson) avec la réhabilitation de 14,92 km de voirie, 
pour un montant de 13,18 milliards TTC, une quinzaine de milliards en 
intégrant les indemnisations.  
II. Perspectives : Un Nouveau Yaoundé dès 2024 
La dynamique sus rappelée impulsée par les pouvoir","29 
652 602 330 FCFA","4000 
m2",Centre,Centre,2023-11-30,web_scraper,https://www.minhdu.gov.cm/wp-content/uploads/2023/11/Yaounde-Zoom-Interventions-MINHDU-pour-fusion.pdf,development,,4000.0,
télécharger l’exposé,"JOURNEE MONDIALE DE L’HABITAT 
EDITION 2024
PRÉSENTATION DES INITIATIVES D’INCLUSION DES JEUNES AUX EMPLOIS 
VERTS ET LA CONSTRUCTION DES ÉQUIPEMENTS SOCIO-ÉCONOMIQUES 
DURABLES DANS LA COMMUNE DE MOKOLO, RÉGION EXTRÊME-NORD  
EBOLOWA LE 06 OCTOBRE 2024
DR VOHOD DÉGUIMÉ
MAIRE COMMUNE DE MOKOLO
PLAN DE PRESENTATION
• INTRODUCTION
• BREVE PRESENTATION DE LA COMMUNE DE MOKOLO
• LES STRATEGIES DE MOBILISATION DES EMPLOIS ET DES JEUNES
• LES ACTIONS MENEES SUR LE TERRAIN EN FAVEUR DES JEUNES
• LES DEFIS ET PERSPECTIVES
• CONCLUSION
I – INTRODUCTION  
• Remerciements et gratitude à SE Madame le Ministre de l’Habitat et du Développement Urbain pour 
l’invitation à la Journée Mondiale de l’Habitat ainsi que pour les différents projets en faveur de 
Mokolo
• Selon l’Organisation International du Travail (OIT), les emplois verts sont ceux qui « aident à réduire 
l’impact négatif sur l’environnement et qui débouchent à terme sur des entreprises et des économies 
durables d’un point de vue environnemental, économique et social. »
• Tout en corroborant avec ce point de vue de l’OIT, et dans la recherche effrénée du bien-être de ses 
populations, l’exécutif communal de Mokolo accompagné par les différentes administrations, le 
secteur privé, les partenaires au développement, la société civile ainsi que l’ensemble de la population 
entreprennent des activités qui gérèrent des revenues tout en préservant et restaurant notre milieu 
de vie. Plusieurs secteurs sont ainsi concernés tels que le reboisement ; l’assainissement ; la collecte, 
le recyclage des déchets et l’économie circulaire ; l’agriculture durable ; la production et la 
distribution d’énergie et d’eau, l’ pour ne citer que ces cas.
II – PRESENTATION DE LA COMMUNE DE MOKOLO
• La Commune de Mokolo fait partie des 07 Communes du Département du Mayo-Tsanaga, Région de 
l’Extrême-Nord
• Elle fait partie des trois grandes communes du Cameroun avec plus 610.000 habitants auxquels il faut 
ajouter les 80.000 réfugiés du Camp de Minawao avec une densité de 200 habitants/Km2 en moyenne.
• C’est une zone montagneuse, touristique avec un climat doux qui attirent de nombreux visiteurs situé à 
43 Km du fameux pick de Rhumsiki.
• Les populations sont travailleuses, dociles et vivent essentiellement de l’agriculture, de l’élevage et petit 
commerce. Les arachides, pommes de terres, Soja, sésames, oignons qui sont consommés dans le grand 
Sud proviennent de la Commune de Mokolo
• Malheureusement que la Secte Boko Haram a considérablement anéanti son développement
III – STRATEGIES DE MOBILISATION DES EMPLOIS ET DES JEUNES
1 - Mobilisation des emplois
• L’accès à l’emploi étant difficile pour les jeunes, la Commune a mis en place avec ses partenaires des 
stratégies de mobilisation
• L’élaboration de certains outils de planification afin de rechercher le financement au Cameroun et à 
l’extérieur du Pays 
• Plan d’Occupation des Sols financé par le MINDU et élaboré par ONU HABITAT
• Plan Communal de Développement (PCD) co-financé sur fonds propre de la Commune, UNICEF et CARE 
International
• Plan de Gestion des déchets financé sur fonds propre de la Commune
• Plan d’Action d’Accès à l’Energie Durable et le climat (PAAEDC) financé sur fonds propres de la Commune
• L’inscription à la Convention des Maires pour l’Afrique SubSahélienne (CoM SSA)
• Intégration du système HIMO dans les grands projets de la Commune en faveurs des jeunes
III - STRATEGIES DE MOBILISATION EMPLOIS ET JEUNES 
• Utilisation des outils de planification pour la recherche des financements auprès des Ministères, 
Agences des Nations Unies, ONG
• Tenue des réunions avec les partenaires
• Mise en place et utilisation de l’approche CONVERGENCE et NEXUS Paix, Humanitaire et 
Développement : PNUD, UNICEF, CARE, ONGs
• Le Maire Postule à tous les appels à projets à travers les Réseaux Sociaux ou lancés par les Ministères, 
ONG, Ambassades, etc. Ex PIDAAC, PDCVEP
• Allocation d’un budget spécial pour les projets des jeunes
• Appuis en intrants pour l’agricultures aux Gics et Associations des jeunes
• Formation en entreprenariat, montage des projets, appuis et accompagnement des jeunes formés par la 
Commune et les partenaires
• Recrutement des jeunes formés par la Communes
• Saisine des opportunités à l’instar de plusieurs Agences des NU, ONGs pour l’accompagnement des 
jeunes
III - STRATEGIES DE MOBILISATION EMPLOIS ET JEUNES 
2 – Mobilisation des jeunes 
- Mise en place d’une commission Spécialisée au sein du Conseil Municipale en charge des jeunes
- Tenue des réunions avec les jeunes pour leur expliquer certaines modalités de recherche de 
financements
- Formation des jeunes par les spécialistes sur le montage des projets et pour la recherche de 
financement 
- Mise en place d’un mécanisme pour la sélection des jeunes par localité pour certains emplois
- Création d’une grande pépinière municipale
IV –QUELQUES ACTIONS MENEES EN FAVEUR DES JEUNES
• La Commune encourage aussi la création des coopératives et association",,610.000 ha,Est,Est,2024-10-06,web_scraper,https://www.minhdu.gov.cm/wp-content/uploads/2024/10/03PRESENTATION-MAIRE-MOKOLO-JMH-2024-valide.pdf,infrastructure,,6100000.0,
Télécharger," 
 
 
AVIS D'APPEL D'OFFRES NATIONAL RESTREINT 
N°00037/E/2/AONR/MINHDU/CIPM /2022 DU 17 JUIN 2022 
 
POUR LA REALISATION DES ETUDES D’AMENAGEMENT DES SITES DE RECASEMENT EN PRELUDE AUX TRAVAUX DE 
RESTRUCTURATION / RENOVATION DE CERTAINS QUARTIERS DANS LA VILLE DE GAROUA (EN PROCEDURE 
D’URGENCE). 
 
FINANCEMENT : Fonds Routier, Exercices 2022 et suivants 
 
 
1. Objet de l'Appel d'Offres 
Le Ministre de l’habitat et du développement Urbain, Maître d’ouvrage et Autorité Contractante, lance, pour le compte de l’Etat du 
Cameroun, un Appel d'Offres National Restreint pour la réalisation des études d’aménagement des sites de recasement en 
prélude aux travaux de restructuration/rénovation de certains quartiers dans la ville de Garoua (en procédure d’urgence). 
 
2. Allotissement  
Les prestations sont regroupées en un seul lot. 
 
3. Consistance de l'étude 
Les prestations consistent, en un lot unique, en la réalisation des études d’ingénierie comprenant les missions ci-après : 
Mission 1 
Démarrage de l’étude 
Mission 2  
Etude diagnostique 
Mission 3 
Etudes topographiques, urbanistiques et architecturales et production du plan d’aménagement du site de 
recasement 
Mission 4 
Etudes techniques et cadre de gestion environnemental et social 
 
4. Participation et origine 
La participation au présent Appel d’Offres est restreinte aux candidats de la liste restreinte ci-après pré-qualifiés au terme de 
l’Appel à Manifestation d’Intérêt N°00025/E/2/ASMI/MINHDU/2022 du 11 Mai 2022 pour le recrutement d’un BET relatif à la 
réalisation des études d’aménagement des sites de recasement en prélude aux travaux de restructuration/rénovation de 
certains quartiers dans la ville de Garoua  (en procédure d’urgence). Il s’agit de : 
 
N° 
BET 
ADRESSES 
TELEPHONES 
1 
GPT LTC & PARTNER / URBINITIATIVE 
CONSULTING SARL 
BP : 12 561 Douala 
670 274 766 / 694 979 843 / 690 697 866 
2 
MOBEZ GROUP SARL 
BP :  
693 31 83 58 / 650 18 96 46 
3 
ZONAGE SARL 
BP : 8 107 Yaoundé 
658 295 292 / 680 418 771 
 
 
NB : Les candidats de la liste restreinte ne peuvent pas s’associer en groupement, ni avec un candidat ne faisant pas 
partie de ladite liste. 
 
5. Financement 
Les études objet du présent Appel d'Offres sont financées par le Fonds Routier, exercices 2022 et suivants. 
 
6. Montant prévisionnel 
Le montant prévisionnel des prestations s’élève à 90 000 000 (quatre-vingt-dix millions) FCFA TTC et est réparti comme suit : 
- 
Tranche ferme : 50 000 000 F CFA ; 
- 
Tranche conditionnel : 40 000 000 F CFA. 
 
 
7. Consultation du Dossier d'Appel d'Offres 
Le Dossier d'Appel d'Offres en version physique peut être consulté aux heures ouvrables à la  Direction des Affaires Générales / 
Service des Marchés Publics du Ministère de l’Habitat et du Développement Urbain, sis au  9e étage porte 02 de l’immeuble 
Ministériel N° 1 à  Yaoundé et la version électronique sur la plateforme COLEPS aux adresses 
http://www.marchespublics.cm et http://www.publiccontracts.cm dès publication du présent avis. 
 
 
8. Acquisition du dossier d’appel d’offres 
 
REPUBLIQUE DU CAMEROUN 
Paix – Travail – patrie 
----------- 
 
REPUBLIC OF CAMEROON 
Peace – Work – Fatherland 
----------- 
MINISTERE DE L’HABITAT ET DU  
DEVELOPPEMENT URBAIN 
------------- 
MINISTRY OF HOUSING 
 AND URBAN DEVELOPMENT 
------------ 
Le Dossier d’Appel d’Offres peut être consulté et retiré dès publication du présent avis à la Direction des Affaires Générales du 
Ministère de l’Habitat et du Développement Urbain (Service des Marchés Publics) sise au 9è étage porte 09T02 de l’immeuble 
Ministériel N° 1 (en face de la Poste Centrale), sur présentation d’une quittance de versement d’une somme non remboursable de 
cent mille (100.000) FCFA payable au Trésor Public au titre des frais d’acquisition du dossier d’appel d’offres 
 
9. Mode de soumission  
 Le mode de soumission retenu pour cette consultation est en ligne ou hors ligne. 
 
10. Présentation des offres 
Les documents constituant l’Offre seront répartis en trois volumes ci-après, placés chacun sous simple enveloppe dont : 
Volume 1 : Pièces administratives ; 
Volume 2 : Offre Technique ; 
Volume 3 : Offre Financière. 
Toutes les pièces constitutives des offres (Volumes 1, 2 et 3), seront placées dans un grand pli extérieur scellé portant uniquement 
la mention de l’Appel d’Offres en question. 
Dans ce grand, on trouvera trois sous-plis répartis comme suit : 
- 
Un sous-pli contenant l’offre administrative et technique en sept (07) exemplaires (un (01) original et six (06) copies) 
chacun ; 
- 
Un sous-pli contenant l’offre financière en sept (07) exemplaires dont un (01) original et six (06) copies ; 
Les différentes pièces de chaque Offre seront numérotées dans l’ordre du DAO, séparées par des intercalaires de couleur 
identique et reliées. 
En plus du nombre d'exemplaires de l'offre financière requis par te règlement particulier d'appel d'offres, le Soumissionnaire est 
tenu de présenter un exemplaire de l’offre financière",50 000 000 F CFA,,East,East,2022-07-19,web_scraper,https://www.minhdu.gov.cm/wp-content/uploads/2022/07/DAO-N%C2%B000037-fr.pdf,development,50000000.0,,
Téléchargé l’exposé (.pdf),"SEPTEMBRE 2022
1
THEME N° 3 : 
Pratiques de restructuration et de
rénovation urbaines : CAS DE LA VILLE DE BERTOUA
N
O
C
E
O
N
 I
G
C
Ordre National des Ingénieurs de Génie Civil 
National Order of Civil Engineers 
 
AXE THÉMATIQUE 2 : 
RESTRUCTURATION ET 
RÉNOVATION 
DES QUARTIERS PRÉCAIRES
Ce projet s' inscrit
:
•
Sur les Objectifs du Développement Durable (ODD) qui invitent les villes à
la maitrise et la pérennisation des installations faites et la santé des
citadins ;
•
Sur
les
orientations
du
Document
de
Stratégie
Nationale
de
Développement (SND30) qui met un accent sur Elaboration d’une
stratégie d’amélioration des bidonvilles au Cameroun ,cas de la ville de
Bertoua, Aout 2015
•
Sur les orientations du Plan Directeur d’Urbanisme (PDU) de la ville de
Bertoua prescrivant la r e s t r u c t u r a t i o n  e t  l a r én o v a t i o n
d e s  q u a r t i e r s s o u s s t r u c t u r e s  dans la ville de Bertoua.
•
En application du Plan d’Investissement Annuel du Maire de la ville dont la
vision est de faire de « Bertoua une ville moderne et futuriste dans laquelle
toutes les populations sont à l'aise ».
COMMUNAUTE URBAINE DE BERTOUA
2
CADRE REGLEMETAIRE/CONTEXTE
I.
Contexte urbain
II. Diagnostic sur la sous-structuration et le 
sous-équipement des quartiers de la ville
III.Projets urbains de la CUB de 
restructuration et de rénovation urbaines
IV.Attentes et perspectives envers l'Etat du 
Cameroun/MINHDU
COMMUNAUTE URBAINE DE BERTOUA
3
I. CONTEXTE URBAIN
COMMUNAUTE URBAINE DE BERTOUA
4
N
O
C
E
O
N
 I
G
C
Ordre National des Ingénieurs de Génie Civil 
National Order of Civil Engineers 
 
I. CONTEXTE URBAIN
1. Eléments géographiques de la ville de Bertoua
• Situation : Chef-lieu du Département du Lom-et-Djérem, Région
de l'Est, situé à 350 km de Yaoundé la capitale politique du
Cameroun ; Principal pôle de développement de la Région.
• La topographie du site de la ville de Bertoua ne présente pas de
contraintes majeures pour le développement de l’Habitat. car est
caractérisé
par
des
collines
basses
où
les
pentes
sont
généralement faibles ;
• Ville
marécageuse
:
présence
de
cours
d’eaux
comme
contrainte majeure nécessitant des ouvrages de franchissement ;
• Ville-carrefour et de transit : Régions de l'Adamaoua-Nord-
Extrême Nord du Cameroun, et des pays voisins : RCA-Congo
par Route Nationale N-1.
COMMUNAUTE URBAINE DE BERTOUA
5
I. CONTEXTE URBAIN
COMMUNAUTE URBAINE DE BERTOUA
6
Illustration Bertoua ville carrefour
Source : Plan Directeur d’Urbanisme
2012,
I. CONTEXTE URBAIN
COMMUNAUTE URBAINE DE BERTOUA
7
Illustration Bertoua ville
marécageuse
Source : Plan Directeur d’Urbanisme
2012,
I. CONTEXTE URBAIN
2. Eléments démographiques
Population en 2012 : 158.018 habitants (zones péri urbaines et les zones 
rurales) de la Communauté Urbaine de Bertoua.
Source : Plan Directeur d’Urbanisme 2012,
Tableau N° 1 : Hypothèse de croissance démographique maximaliste
COMMUNAUTE URBAINE DE BERTOUA
8
Période
Taux d’accroissement
Population estimée
2017
5,5 %
224.619
2022
7 %
337.093 (sous estimée du fait de l'immigration
importante des refugiés provenant des pays 
voisins et des déplacés du NOSO)
2027
10 %
597.181
I. CONTEXTE URBAIN
3. Organisation de l’espace urbain de la ville de Bertoua
L’espace urbain de la ville de Bertoua s’organise en cinq zones :
•
La zone centrale ;
•
La zone Est ;
•
La zone Ouest ;
•
La zone Nord,
•
La zone Sud.
4. Typologie de l’habitat
•
23 % des constructions sont de type spontané anarchique ;
•
45 % d’habitat économique évolutif
•
31 % d’habitat moyen standing et
•
01 % d’habitat haut standing.
Source : Plan Directeur d’Urbanisme 2012,
COMMUNAUTE URBAINE DE BERTOUA
9
I. CONTEXTE URBAIN
3. occupation du sol et équipements structurants de la ville de
Bertoua
ville de taille moyenne : deux communes, Bertoua I et Bertoua II, 
Le centre ville : quartiers Ndemnam et Yademe (Bertoua 2) et Bamvélé, 
Mokolo I et Tigaza (Bertoua 1). concentrent la majorité des infrastructures 
administratives, commerciales, religieux et l’habitat de type planifié (Camp 
SIC).
Étalement progressif vers le Nord, l’est et l’ouest. 
Vers le Nord, dans les quartiers Ndeng Ndeng, Mokolo III et IV jusqu’au 
village Koumé on retrouvera, la centrale électrique et l’axe de sortie de la 
ville vers Bélabo et Lom Pangar. 
à l’ouest, les quartiers Nkolbikon, Birpondo et Koumé, n’ont pour éléments 
structures que l’évêché (Université catholique +
séminaire) .
Source : ELABORATION D’UNE STRATEGIE D’AMELIORATION DES BIDONVILLES AU 
CAMEROUN 2016,
COMMUNAUTE URBAINE DE BERTOUA
1
0
COMMUNAUTE URBAINE DE BERTOUA
10
II- Diagnostic des quartiers sous-
structurés de Bertoua
COMMUNAUTE URBAINE DE BERTOUA
15
N
O
C
E
O
N
 I
G
C
Ordre National des Ingénieurs de Génie Civil 
National Order of Civil Engineers 
 
II.
DIAGNOSTIC SUR LA SOUS-STRUCTURATION ET 
LE SOUS-ÉQUIPEMENT DES QUARTIERS DE LA VILLE
1. Eléments caracteristiques d’un quartier sous-strutures et sous-
equipes
A. Niveau de structuration du quartier :
•
Accessibilité et praticabilité ",,158.018 ha,Adamaoua,Adamaoua,2022-10-01,web_scraper,https://www.minhdu.gov.cm/wp-content/uploads/2022/10/EXPOSE-COMM-URBAINE-BERTOUA.pdf,infrastructure,,1580180.0,
Télécharger le document (.pdf),"1
Siège Social : ZI. Douala Bassa  B.P 1420. Douala. Cameroun. Tél: +237 33 37 80 87. Fax. +237 33 37 80 90 
Société anonyme au capital de 5 000 000 000 FCFA. N°SCIFE: 0200901G. N° RC: 3652 Douala. N° Cont : M029600007893Z 
www.hysacam-proprete.com
2
Siège Social : ZI. Douala Bassa  B.P 1420. Douala. Cameroun. Tél: +237 33 37 80 87. Fax. +237 33 37 80 90 
Société anonyme au capital de 5 000 000 000 FCFA. N°SCIFE: 0200901G. N° RC: 3652 Douala. N° Cont : M029600007893Z 
www.hysacam-proprete.com
IMPACT DE L’HYGIENE ET SALUBRITE 
MAITRISEES SUR LES QUESTIONS DE SANTE 
PUBLIQUE
J-B NGUEMA NDONG, Hysacam
JOURNEE MONDIALE DE L’HABITAT 2022, BERTOUA
10/1/2022
3
Siège Social : ZI. Douala Bassa  B.P 1420. Douala. Cameroun. Tél: +237 33 37 80 87. Fax. +237 33 37 80 90 
Société anonyme au capital de 5 000 000 000 FCFA. N°SCIFE: 0200901G. N° RC: 3652 Douala. N° Cont : M029600007893Z 
www.hysacam-proprete.com
Contexte 
Les ordures ménagères peuvent avoir un impact sur la santé publique toute
chose qui peut influencer la qualité de vie dans notre environnement de manière
générale.
Afin de faciliter leur élimination efficace, il convient de mettre en place un
système de gestion efficace des ordures ménagères depuis leur production au niveau
des ménages jusqu’à leur élimination finale.
La récurrence des différentes crises de gestion des déchets dans les grandes
villes du Cameroun a amené les pouvoirs publics à se pencher sur la question pour
trouver des solutions durables dans ce secteur important.
Dans cet exposé, nous voulons nous attarder sur quelques causes profondes de cette
mauvaise gestion des déchets pour enfin proposer des solutions qui vont permettre dans
leur mise en œuvre de maitriser l’hygiène et la salubrité en général dans notre
environnement.
10/1/2022
4
Siège Social : ZI. Douala Bassa  B.P 1420. Douala. Cameroun. Tél: +237 33 37 80 87. Fax. +237 33 37 80 90 
Société anonyme au capital de 5 000 000 000 FCFA. N°SCIFE: 0200901G. N° RC: 3652 Douala. N° Cont : M029600007893Z 
www.hysacam-proprete.com
LES CAUSES D’UNE MAUVAISE GESTION DES DECHETS
Nous voulons nous intéresser à quelques causes profondes:
Le système de gestion prend en compte une faible proportion de la production des déchets
Quelques études faites montrent que moins de 70 % des déchets produits dans les villes est prises en
compte dans les contrats.
La faible mobilité dans les grandes villes
Face a l’extension geographique et demographique de nos villes, les infrastructures deviennent
inadaptees. Les enormes bouchons observes, le mauvais entretien du reseau viaire, l’absence
d’eclairage public dans ces villes ne permettent pas souvent une bonne optimisation des moyens de
collecte.
L’irregularite dans le paiement des prestations faites
Le service de gestion des dechets souffre souvent de discontinuite du fait de cette perturbation du
reglement des prestations.
10/1/2022
5
Siège Social : ZI. Douala Bassa  B.P 1420. Douala. Cameroun. Tél: +237 33 37 80 87. Fax. +237 33 37 80 90 
Société anonyme au capital de 5 000 000 000 FCFA. N°SCIFE: 0200901G. N° RC: 3652 Douala. N° Cont : M029600007893Z 
www.hysacam-proprete.com
LES CAUSES D’UNE MAUVAISE GESTION DES DECHETS
Le non respect par les agents d’execution des consignes de travail
Bachage des camions, nettoyage systematique des deversements accidentels.
La coordination insuffisante des acteurs/non-respect des roles
Les maillons de la chaine de gestion ne sont pas souvent en synergie sur le terrain. Parfois les roles
ne sont pas clairement definies ou respectees et a tous les niveaux.
L’incivisme des populations
On jette les déchets n’importe ou et n’importe comment. Très peu de moyens de coercition
10/1/2022
6
Siège Social : ZI. Douala Bassa  B.P 1420. Douala. Cameroun. Tél: +237 33 37 80 87. Fax. +237 33 37 80 90 
Société anonyme au capital de 5 000 000 000 FCFA. N°SCIFE: 0200901G. N° RC: 3652 Douala. N° Cont : M029600007893Z 
www.hysacam-proprete.com
IMPACTS DE LA MAUVAISE GESTION DES DECHETS SUR LA SANTE
Voir autre intervention
10/1/2022
7
Siège Social : ZI. Douala Bassa  B.P 1420. Douala. Cameroun. Tél: +237 33 37 80 87. Fax. +237 33 37 80 90 
Société anonyme au capital de 5 000 000 000 FCFA. N°SCIFE: 0200901G. N° RC: 3652 Douala. N° Cont : M029600007893Z 
www.hysacam-proprete.com
QUELQUES SOLUTIONS POUR NOS VILLES
N° Axes d’effort
Facteurs clés de succès
Actions spécifiques
Incidences
1
Sensibilisation et
sanctions
Mise en œuvre par les
mairies de sanctions aux
contrevenants
Appropriation
par
les
ménages
du
concept
de
poubelle pour conditionner
les déchets.
Diffusion des programmes de
collecte dans les quartiers.
Remobilisation
du
personnel
pour plus de professionnalisme
et de proactivité dans la prise en
compte des préoccupations des
Maires.
Optimisation des tournées de
collecte
2
Amélioration
du
taux
de
couverture
des
villes
Relèvement de l’enveloppe
de la gestion des déchets à
95% de la production
Prise en compte de la quasi-
totalité de la production des
déchets
Gestion plus efficiente de la
pro",5 000 000 000 FCFA,,Centre,Centre,2022-10-01,web_scraper,https://www.minhdu.gov.cm/wp-content/uploads/2022/10/PRESENTATION-JMH-2022-HYSACAM.pdf,land,5000000000.0,,
Télécharger le document (.pdf),"Garoua, le 27 septembre 2023
Journée Mondiale de l’Habitat, édition 2023
Thème 8 : « La formation des acteurs territoriaux 
au cœur de la reprise économique ».
Sous-thème 2 : « Conditions de succès pour le 
relèvement de l’économie locale »
Contenu de la communication
« Contribution à la mise en œuvre d’une 
dynamique nouvelle en matière de formation 
professionnelle des jeunes »
Par Dr NKOT Samuel Cédric
Économiste, Enseignant-Chercheur ESSEC-UGa
Plan de l’exposé
Introduction
Les axes opérationnels de la formation professionnelle
Conclusion
3
2
La nécessité de recourir à de nouveaux modes de formation 
Professionnelle dans un contexte de décentralisation
1
4
Introduction
Depuis plusieurs décennies, l’on assiste à travers le monde à l’abandon de l’idée d’un développement
exclusivement centrifuge pour l’idée d’un développement fondée sur la notion de territoire
Le Cameroun ne reste pas en marge de ce processus; la loi N°2019/024 du 24 décembre 2019
portant Code Général des Collectivités Territoriales Décentralisées; CTD responsables du
développement local; Développement participatif (Articles 40 et 41)
Malgré les avancées, plusieurs problèmes persistent: taux de pauvreté élevé, Plus de 8 millions de
Camerounais qui vivent en dessous du seuil de pauvreté, avec moins de 931 F CFA par jour (INS, 2014); taux
de chômage élevé (en hausse de 6,1% en 2021 et 7% en 2022 selon l’INS) avec 67% des chômeurs qui ont
moins de 30 ans; Main d’œuvre peu qualifiée; compétitivité et attractivité des CTD
Ces problèmes nous amènent à aborder les conditions de succès pour le relèvement de
l’économie locale
Notre présentation s’attarde sur la formation professionnelle des jeunes.
❑Problème de profil professionnelle
❑L’inadéquation formation emploi
❑Mutations économiques, Technologiques…
❑Exigences en terme de compétitivité locale
❑Font surgir de nouveaux besoins en terme de formation.
La nécessité de recourir à de nouveaux modes de formation Professionnelle et la définition des 
axes opérationnelles de la formation professionnelle des jeunes dans un contexte de 
décentralisation constituent les deux points saillants de notre communication.
La nécessité de recourir à de nouveaux modes de formation Professionnelle dans un contexte 
de décentralisation
L’émergence de nouveaux profils de qualification
▪
Une demande d’emploi en hausse
▪
Le défi de numérisation de l’économie
▪
L’expression de nouveaux besoins dans les marchés
▪
Les enjeux environnementaux (Problématique du développement durable, …)
La nécessité d’orienter les jeunes vers la création d’entreprise (l’auto-emploi)
▪
Difficultés de l’Etat à créer des emplois dans un contexte de croissance urbaine,
démographie accélérée.
▪
Taux d’insertion professionnelle des jeunes qui demeure faible malgré les mesures prises
par l’Etat (Programme de lutte contre le chômage via la SND30 ; le Plan Triennal Spécial
Jeune…) et par les CTD…
▪
L’inadéquation formation emploi…
▪
Le Chômage des jeunes qui demeure une préoccupation
Renforcer la formation et l’adapter davantage aux besoins réels de nos entreprises
et à l’environnement
Chômage total des jeunes
0
5
10
15
Source : nous-mêmes à partir des données de la Banque Mondiale
Figure N°1. Chômage total des jeunes au Cameroun, 1991-2021
▪
Le chômage est plus important dans le secteur industriel et celui des services que dans
le secteur agricole.
▪
L’économie locale est beaucoup plus orientée vers les activités agricoles, artisanales,
piscicoles…
▪
Mais ces activités doivent se développer afin d’implémenter des activités du secteur
industriel qui portent de façon durable la croissance économique (Pérenniser la création
des richesses au niveau local…)
▪
Les mutations économiques, techniques… doivent amener les CTD à instaurer des
mécanismes qui rendre dynamique la formation des jeunes au niveau local.
Figure N°2. Chômage des jeunes dans le secteur agricole au Cameroun
Figure N°3. Chômage des jeunes dans le secteur industriel au Cameroun
Figure N°4. Chômage des jeunes dans le secteur des services au Cameroun
Il ressort de ces figures que le chômage des jeunes est plus important dans le secteur 
industriel et dans le secteur des services que dans le secteur agricole. En effet ces secteurs 
sont des secteurs à forte intensité capitalistique et nécessite donc une formation adaptée. 
D’autres raisons peuvent expliquer ce constat par exemple la faiblesse du tissu industriel…
Même si l’économie locale est constituée des activités agricoles, artisanales, piscicoles, il
est important d’assurer un développement de ces activités, il faut également mener ces
activités avec des outils modernes ce qui nécessite une formation adaptée.
▪
L’Etat et les CTD mènent déjà des actions qui consistent à former les jeunes en tenant
compte des réalités sus-évoquées.
▪
L’implication des sectoriels ;
▪
L’on note également l’implication des partenaires des CTD (GIZ, avec le PRADEC II)
3
Les axes opérationnels de la formation professionnelle
1. Faire un diagnostic de l’économie",931 F CFA,,Centre,Centre,2023-10-02,web_scraper,https://www.minhdu.gov.cm/wp-content/uploads/2025/04/Conditions-de-succes-pour-le-relevement-de-leconomie-locale-.pdf,development,931.0,,
Download," 
 
6
 
RESTRICTED NATIONAL BID INVITATION 
N° 00039/E/2/AONR/MINHDU/CIPM /2022 OF 17 JUNE 2022 
FOR TECHNICAL AND ENVIRONMENTAL AND SOCIAL IMPACT STUDY STUDIES FOR THE 
CONSTRUCTION OF CERTAIN ACCESS ROADS TO PUBLIC BUILDINGS IN THE SURROUNDING 
LOCALITIES AND CONNECTION ROADS TO THE YAOUNDE-NSIMALEN HIGHWAY (EMERGENCY 
PROCEDURE). 
 
FINANCING: ROADS FUNDS 2022 AND FOLLOWING 
 
1. Subject of the Bid Invitation 
On behalf of the state of Cameroon, the Minister of Housing and Urban Development issues a restricted National Bid 
Invitation for Technical and Environmental and Social Impact studies for the construction of certain access roads 
to public buildings in the surrounding localities and connecting roads to the Yaoundé-Nsimalen highway 
(emergency procedure). 
 
2. Allotment  
The services are grouped in a single plot. 
 
3. Content of the study  
The main objective of the study is to: 
Mission 1
Elaborate preliminary studies 
Mission 2
Carry out APS studies, 
Mission 3
Produce APD studies, 
Mission 4
Carry out social and environmental studies 
 
4. Participation and origin  
Participation in this call for tenders is limited to the technical design offices listed below, pre-qualified at the end of the 
Call for Expression of Interest N ° 025/E/2/ASMI/MINHDU/2022 of 11 May 2022. These are: 
 
 
N°
BET
ADRESSES
TELEPHONES
1
CABINET TWS 
BP 22 Bafoussam 
679 12 03 81
2 
Gpt INOV ENGINEERING GROUP / 
DIDON CONSEIL 
BP : 13 069 Yaoundé 
BP : 30 011 Yaoundé 
652 96 32 08 / 677 01 08 08
222 20 69 09 / 656 68 63 90 
3 
TGBT 
BP : 3 969 Yaoundé
656 172 044
 
 
5. Financing 
Studies under this Bid are financed with Roads Fond, fiscal years 2022 and following.   
 
6. PROVISIONAL AMOUNT 
The provisional amount of the services amounts to 90,000,000 (nineteen million) FCFA inclusive of tax and is distributed 
as follows: 
- Firm phase : 43 751 989 F CFA ; 
- Conditional phase :  46 248 011 F CFA. 
 
7. Consultation of the Bidding Document  
The hard copy of the tender document may be consulted during working hours, upon publication of this tender invitation, 
at the Department of General Administration (Contracts service) of the Ministry of Urban Development and Housing 
 
REPUBLIQUE DU CAMEROUN 
Paix – Travail – patrie 
----------- 
 
REPUBLIC OF CAMEROON 
Peace – Work – Fatherland 
----------- 
MINISTERE DE L’HABITAT ET DU
DEVELOPPEMENT URBAIN 
------------- 
MINISTRY OF HOUSING
AND URBAN DEVELOPMENT 
------------ 
 
 
7
located on the 9th floor-door 02 of the ministerial building N°1 (in front of Poste Centrale-Yaoundé) and the soft copy on 
the COLEPS platform at the addresses http://www.marchespublics.cm and http://www.publiccontracts.cm.  
 
8. Acquisition of the Bidding Documents  
Bidding Documents may be consulted and obtained upon publication of this Bid Invitation at the Department of General 
Administration of the Ministry of Housing and Urban Development (Contracts Service) located at the 09th floor, door 
09T02, of Ministerial Building No.1 (opposite the Central Post Office), upon presentation of a receipt testifying to the 
payment of a non- refundable sum of XAF 100 000 (one hundred thousand) payable to the Public Treasury.    
 
9. Submission mode  
The submission mode selected for this consultation is online or offline. 
10. Presentation of bids 
Tenders shall be divided into three volumes and submitted in a simple envelope as follows: 
Volume 1: Administrative documents; 
Volume 2: Technical proposal; 
Volume 3: Financial offer. 
 
All the constituent documents (volumes1, 2 and 3) shall be enclosed in a large and sealed outer envelope bearing only 
the subject of the tender concerned. 
 
In this large fold we will find three (03) sub-folds distributed as follows: 
 
 
an envelope containing the Administrative and technical offer in seven (07) copies including one original and six 
copies each; 
 
an envelope containing the financial offer in seven (07) copies including one original and six copies; 
 
an envelope containing a copy of the sample financial offer intended for the ARMP; 
 
The different parts of each offer will be numbered in the order of the DAO, separated by spacers of the same color and 
connected 
 
In addition to the number of copies of the financial offer required by the special tender regulations, the Tenderer is 
required to present a copy of this financial offer in a separate sealed envelope and marked as such to serve as a sample 
offer intended for the Body responsible for the regulation of public procurement (ARMP) for conservation. Failure to 
present this witness offer, the result shall be inadmissibility of the offer to the candidate concerned. 
. 
11. Submission of Bids 
Each Bid, drafted in French or English, in 07 copies including one original and 06 copies labelled as such shall be 
forwarded to the Department of General Administration (Contract Service, Bids Office) Ministry of Housing and Urban 
Development located on the the 2nd floor of the PDUE project/MINHD",43 751 989 F CFA,,East,East,2022-07-19,web_scraper,https://www.minhdu.gov.cm/wp-content/uploads/2022/07/DAO-00039-En.pdf,land,43751989.0,,
Téléchager le document,"1.
Rappel du contexte
2.
Exécution du programme par villes et 
Images fortes
PROGRAMME C2D « CAPITALES 
REGIONALES »
354 Mrds FCFA  dont 75 Mrds FCFA  Urban Sector
Cities: Douala and Yaounde
214 Mrds FCFA  including 72 Mrds FCFA  Urban Sector
Cities:  Bafoussam, Bertoua, Garoua; 39 Mrds FCFA
400 Mrds FCFA  dont 98 Mrds FCFA  Urban Sector
Cities: Bamenda, Maroua; 59 M 
CR1
City: Yaounde; 45 M 
CR2
1. Brief Histgorique C2D
1er C2D 
2006 
2e C2D 
2011 
3e C2D 
2016 
2. «Capitales régionales en Bref »
Financement
Convention de financement
Montant (en milliers de FCFA) /
Taux d’exécution estimatif
Date de signature Date de clôture
Apport
du
bailleur
Apport
de
l’ETAT (FCP)
Coût
global
du
projet (TTC)
CR1 :
Bafoussam,
Bertoua et Garoua
Subvention
C2D
24/11/2014
31/12/2022
39 357 420
8.000.000
99 705 625
95%
Prêt AFD
03/07/2015
31/12/20022
42 637 205
9 710 000
CR2 :
Bamenda et Maroua
Subvention
C2D - phase 1
28/06/2018
31/12/2025
19 678 667
8.000.000
67 036 000
15%
Subvention
C2D - phase 2
04/02/2022
31/12/2026
39 357 333
-
2. «Capitales régionales en Bref »
Outils innovant pour un développement Urbain intégré
1
Voirie Urbaine
70% des investissements
Chassées durables en BCR et pavés + formations de ST
2
Equipements marchands
15% des investissements
Génération de revenus pour l’entretien des ouvrages
3
Espaces publics
5% des investissements
Amélioration de l’image de la ville et du cadre de vie
4
Services Urbains
5% des investissements
Amélioration de l’accès au services urbains de bases
5
Renforcement des capacités 5% des investissements
Appui à l’amélioration des moyens  d’interventions
I - PROGRAMME D’INVESTISSEMENTS PRIORITAIRES
II - APPUI INSTITUTIONNEL
• Deux Objectifs majeurs
– Remise à niveau des Infrastructures viaires et équipements 
urbains de base, et améliorer l’image de la ville (PIP)
– Amélioration de la Gouvernance locale et renforcement des 
capacités des acteurs locaux
• Une Plateforme de Collaboration : Le Contrat de Ville 
entre ETAT/Ville. Il fixe les engagements respectifs. Il 
est suivi par un COPIL
4. Objectifs du Programme
CELLULES LOCALES DE SUIVI
COMMUNAUTES URBAINES
CADRE 
INSTITUTIONNEL
12-25%
MINHDU
75-88%
COPIL 
NATIONAL 
CELLULE 
CENTRALE 
DE SUIVI
ASSISTANCE 
A MAITRISE 
D’OUVRAGE
COPIL LOCAUX 
COS-C2D 
CTB-C2D 
STADE-C2D 
AFD
MINEPAT, 
MINMAP, 
MINDCAF, 
……
CLC 
3. Dispositif de pilotage du Programme
• Processus participatif : identification des projets et arbitrages (COPIL)
• Recasement provisoire ;
• Plate forme en charge du suivi des aspects environnementaux et sociaux
4. «Capitales régionales » - Quelques Principes d’action
MOA Bicéphale
Appui à la 
décentralisation
Approche Sociale
• MINHDU ET CU Impliqués dans les études
• Certains travaux sous MOA Locale
• gestion rétrocédée aux CU et CA
Entretien des 
ouvrages et 
mobilisation 
citoyenne
• 12% des ressources propres des CU & CA à mobiliser – Contrat de ville
• création des comités de gestion des projets 
• comités d’animation des quartiers 
Exécution du  programme par 
villes
Tâches (+ Résultats visés)
Extrant à date
Infrastructures
- Linéaire de voirie aménagé : 19 km
Réception définitive en octobre 2022
Equipements marchands
- Superficie aménagée : 7,4 ha
Réception prévu en décembre 2022
§ Marché A
§ Marché Casablanca
§ Salle Polyvalente à la CUB
Espaces publics
- Superficie aménagée : 1,7 ha
Réception provisoire en avril 2022
§ Parc de loisir en face Hôtel de ville
Services Urbains
- Nombre de latrines aménagés :
- Suivi de l’entretien et de la gestion
§ 10 latrines dans les écoles
§ 08 toilettes dans les lieux publics
- Nombre de point d’eaux aménagés
§ 10 kiosques à eau
§ 02 forages PMH dans les écoles et 
Raccordement certaine latrines
- 78% de travaux réalisés
- Nombre de points d’éclairage public aménagés
Réception définitive en juillet 2022
§ 80 lampadaires solaires autonomes
Bafoussam :
Moa-MINHDU
Moa-CU
Total (TTC)
Exécution
C1 : Investissement
27 508 352 169   
2 973 291 030 30 481 643 199  
C2 : Pilotage et Appui Insti..)
1 239 451 854   
741 246 703 
1 980 698 556  
Total
28 747 804 023   
3 714 537 733 32 462 341 755  
95%
Bafoussam : 
Parc des Loisirs : inauguré le 22/12/2021
Et Fonctionnel
Salle polyvalente
Marché A
Bafoussam : Equipements 
marchands
• Réception prévue en décembre 
2022. 
Bafoussam : Equipements 
marchands
• Réception prévue en décembre 2022. 
Marché Casablanca: hangar volaille
Marché Casablanca: espaces caprins
Marché Casablanca: Abattoirs
Pharmacie BINAM
Avant
Quelques illustrations  des VOIRIES URBAINES
Après
Entrée domicile Tankou
Après
Avant
BAFOUSSAM
Après terrassement
PST
Début de la pose des pavés
Place des fêtés
1er Carrefour 
SOCADA
BAFOUSSAM
Quelques illustrations  des VOIRIES URBAINES
Tâche (+ Résultats visés)
Extrant à date
Infrastructures
Linéaire de voirie : 14 km
Réception définitive en octobre 2022
- Allées marchandes du marché central
Réception définitive en août 2022.
Equipements 
marchands
- Superficie aménagée : 4,5 ha
§ Marché Mokolo
Réception provisoire en décembre 20",,"7,4 ha",Centre,Centre,2022-11-17,web_scraper,https://www.minhdu.gov.cm/wp-content/uploads/2023/02/C2D-Capitales-Regionales-Nov-2022.pdf,infrastructure,,74000.0,
Télécharger le document (.pdf),"SESSION SPECIALE
LA RESILIENCE DES VILLES FACE AUX CATASTROPHES
« Etat de la préparation des villes aux risques et menaces : Evaluation des instruments 
de prévention et de mitigation en matière de gestion urbaine » 
PRESENTATION DU PROJET DE PROGRAMME NATIONAL DE RESTRUCTURATION/RENOVATION URBAINE
SDOAE/MINHDU
4
1
2
3
CONTEXTE, JUSTIFICATION ET BENEFICIAIRES
DESCRIPTION DU PROGRAMME ET OBJECTIFS
COMPOSANTES ET CADRE LOGIQUE
MONTAGE INSTITUTIONNEL
P L A N
1
5
PERSPECTIVES
Conseil Régional du Centre, CVUC
Présidé par le SG/MINHDU
MAETUR
CONTEXTE
•
Statistiques sur le niveau de précarité des villes;
•
Dégradation de l’environnement et des infrastructures;
•
Groupe de travail mis en place par le PMCG;
•
Accompagnement des CTD dans un processus non 
seulement participatif, mais également une démarche de
« learning by doing », afin de faciliter la prise en main 
effective par ces derniers de ces opérations.
MINHDU, MINEPAT, MINDDEVEL, MINDCAF
1 CONTEXTE, JUSTIFICATION ET BENEFICIAIRES
Missions: (i) tenir les concertations, (ii) élaborer
les documents cadre du programme et (iii)
élaborer un guide de mise en œuvre des
opérations
de
restructuration/rénovation
urbaine.
JUSTIFICATION
La sollicitation adressée par le Mme le Ministre
de l’Habitat au Premier Ministre Chef du
Gouvernement
pour
répondre
de
façon
cohérente et avec des moyens significatifs à la
problématique des quartiers précaires.
La mise en œuvre effective des orientations de
la SNAB et la SND30.
•la stratégie nationale d’amélioration des bidonvilles
qui a défini trois (03) axes stratégiques: (i) amélioration de
l’offre en logements convenables et parcelles constructibles pour les ménages à
faibles revenus, (ii) amélioration de l’accès aux infrastructures, équipements et
services urbains de base dans les quartiers d’habitat précaire, (iii) renforcement des
mécanismes de financement et de gouvernance.
1 CONTEXTE, JUSTIFICATION ET BENEFICIAIRES
La prise en compte de la question
foncière dans un contexte spéculation
foncière,
et
l’adaptation
du
cadre
juridique et institutionnel au contexte
local de mise en œuvre des projets.
•la SND30 qui envisage la mise en place d’un
programme de modernisation des villes afin
d’améliorer leur attractivité
économique,
ainsi que le cadre de vie des populations.
De manière indirecte, toutes les populations en bénéficieront à travers 
l'anticipation et l’atténuation des catastrophes urbaines de toute nature
2
3
De manière spécifique les personnes vulnérables (les personnes 
handicapées, les enfants, les femmes) 
4
L’Etat et le Gouvernement, à travers la réduction de la facture 
actuelle liée à la dégradation observée dans divers secteurs
Bénéficiaires
Les populations vivant dans les zones d’habitat précaire constituent la 
cible principale de ce programme.
1
Objectif général: 
Restructurer/rénover 
1800ha de zones d’habitat 
précaire dans 10 villes 
pilotes  pendant 10 ans.
Définition du programme: Le programme national de restructuration/rénovation urbaine est un 
programme dont la mise en place est projetée sous les auspices du Ministère en charge du 
Développement Urbain, pour élaborer et mettre en œuvre des projets qui contribueront à 
apporter une réponse cohérente et concertée aux questions de logement, d’assainissement, de 
gestion des déchets, de drainage, d’apport de services de base (santé, éducation, sécurité, eau et 
électricité), d’espaces publics, de mobilité, d’embellissement, etc.
Objectifs spécifiques: De manière plus spécifique, le programme vise à
accompagner les CTD à :
-densifier la trame viaire, le réseau d’assainissement et les 
équipements sociaux collectifs de proximité ;
-renforcer les capacités des acteurs urbains ;
-assurer la régularisation foncière dans les sites à 
restructurer/rénover ;
-améliorer la gestion des catastrophes et crises, et la résilience 
urbaine ;
-sécuriser les zones non constructibles ;
-aménager les sites de recasement pour les personnes affectées 
par les projets.
2 DESCRIPTION DU PROGRAMME ET OBJECTIFS
COMPOSANTE 1
Etudes techniques et foncières
Objectif
:
Assurer
la
maturation
complète
des
projets
à
travers
la
réalisation des études, la
mise
à
disposition
des
assiettes
foncières
et
la
régularisation/sécurisation
foncière
en
collaboration
avec
les
structures
concernées
Etudes techniques
• Suivre et élaborer les études 
techniques complètes assorties des 
plans de restructuration et des fiches 
de projets (sites à restructurer et sites 
de recasement)
• Veiller à l’approbation des plans de 
restructuration
Etudes foncières
•
Identifier les sites à restructurer 
et les sites de recasement
•
Accompagner les populations 
dans l’obtention des titres 
fonciers
•
Recaser les populations 
impactées
3
COMPOSANTES ET CADRE LOGIQUE
COMPOSANTE 2
Infrastructures et équipements urbains
Objectif
:
Accompagner
les CTD dans le montage
des DAO, le suivi de la
passation des marchés et
de
la
réalisation
des
travaux.
• Appuyer les CTD dans la chaine de réalisation des travaux de construction,",,1800ha,Centre,Centre,2023-10-01,web_scraper,https://www.minhdu.gov.cm/wp-content/uploads/2023/10/JMH-2023-Programme-restructuration.pdf,land,,18000000.0,
PLANUT - MINHDU,"DESCRIPTION LES PROJETS DU PLANUT Composante Habitat du PLANUT Infrastructures à construire dans chacune des 8 régions (excepté le Centre et le Littoral) 5 immeubles en Rez-de-Chaussée + 2 comportant 2 appartements T 3 (2 chambres + 1 salon) par niveau; 5 immeubles en Rez-de-Chaussée + 2 comportant 2 appartements T 4 (3 chambres + 1 salon); 12 villas T4 simples; 28 villas jumelées; 1 école primaire et maternelle (20 salles de classe, 1 bibliothèque, 1 salle informatique, 2 salle de repos, 1 restaurant); 1 supermarché; 1 centre de santé; 2 bâtiments à usage de bureaux pour les services publics; 4 locaux pour équipements d’angle de rue (petit commerce); 1 station d’épuration; 1 réservation de 2000 m2 de terrain pour la construction d’une brigade de gendarmerie; 1 réservation de 2000 m2 de terrain pour la construction d’un Commissariat de Sécurité Publique. Nom du PROJET articles les plus consultés à lire aussi Logements sociaux à Douala : le gouvernement accélère et promet des titres fonciers en 2026 Cérémonie de présentation des vœux au MINHDU : Un bilan 2025 riche et plus de 400 milliards pour les villes de demain. Conférence annuelle du MINHDU : l’engagement ferme pour une mobilité urbaine moderne au Cameroun. CREDITS TRANSFERES : Le MINHDU appelle à un meilleur suivi en 2026 Accès Rapide États Généraux de la Gestion des Déchets dans les Villes. Signaler une Zone ou une Contruction à Risque Lutte contre la corruption Les Évènements Demande d’information Avis Appels d’offres Communiqués Magazine Démarche Construire Acquisition Logements Sociaux Agents et Promoteurs immobiliers Galerie Photo Emmission le Citadin Ne ratez pas notre émission hebdomadaire du Samedi qui sera diffusée sur la radio POSTE NATIONAL 94.0 FM dès 16h30 Liens Utiles Présidence de la République Senat Assemblé Nationale Services du Premier Ministre MINFI MINDCAF DGI CFC SIC MAETUR FEICOM MIPROMALO CUY CUD HYSACAM Galerie Photos Vidéos Discours Contactez-Nous",,2000 m2,Centre,Centre,,web_scraper,https://www.minhdu.gov.cm/planut,housing,,2000.0,
Garoua la belle reçoit de nouvelles infrastructures de mobilité urbaine voulues par le Chef de l’Etat - MINHDU,"Garoua la belle reçoit de nouvelles infrastructures de mobilité urbaine voulues par le Chef de l’Etat [wp-word-count] mots | [wp-word-count-reading-time] | 611 Facebook Twitter Gmail Yahoo Mail Au terme du Septennat qui s’achève, suivant les Hautes Directives le PRESIDENT DE LA REPUBLIQUE CHEF DE L’ETAT, le Ministre de l’Habitat et du Développement Urbain dans le cadre de la politique visant à développer les grandes métropoles et améliorer le cadre de vie des populations en milieu urbain, a conduit et piloté plusieurs projets de construction d’infrastructures dans la ville de Garoua. Ces projets s’inscrivent dans une dynamique globale de renforcement de la résilience urbaine, à améliorer l’accessibilité, à favoriser l’inclusion sociale et à moderniser les espaces urbains dans une perspective durable. C’est dans ce contexte qu’intervient la visite de travail et de suivi-évaluation des projets a été initiée, afin d’assurer d’un contrôle efficient de l’exécution technique des projets, d’identifier et de faire connaitre à la population de la ville de Garoua, l’importance que le Gouvernement accorde à leur ville à travers la réalisation des projets structurants visibles et palpables ci-après : I. TRAVAUX EN COURS Les travaux en cours d’exécution par CROISIERE BTP : Tronçon 1 : « Dramen CNPS – Inter voie périphérique » long de 233,70 ml dans la commune de Garoua 1er (achevé et réceptionné) ; Tronçon 2 : « Aménagement d’une voie reliant les deux entrées principales de la Grande Mosquée de Poumpoumré » dans la commune de Garoua 1er (achevé et réceptionné) ; Tronçon 3 : « Carrefour Marouaré Pressing – Carrefour Djabirou – CSI Poumpoumré » long de 526 ml (en cours d’exécution) ; Les travaux en cours d’exécution par Cameroon Construction : Il s’agit des travaux de réhabilitation du « Carrefour SODECOTON-Carrefour Nigériaré » long de 190 ml (en cours d’exécution) ; Les travaux de restructuration des quartiers précaires : Relativement au projet de restructuration de Garoua 1er, les études d’Avant-Projet Sommaire sont disponibles. Le site de LOWEL a été choisi comme site de recasement, les travaux préliminaires ont été programmés pour le triennat qui s’annonce (2026-2028) et débuteront par l’aménagement des voies d’accès, pour un montant global de 350 000 000 FCFA (Trois cent cinquante millions de francs) ; Le transport urbain de masse par Bus : En dépit des retards observés dans la contractualisation, les travaux de pose des panneaux de signalisation pour arrêt Bus, de construction des abris et de construction d’un bâtiment administratif pour la Société de Transport de Garoua (STG) sont en cours. Le MINHDU a profité de sa visite pour visiter les constructions en cours. II. TRAVAUX ACHEVES Projets CAN : Ces projets ont particulièrement métamorphosé la ville de Garoua, le CHEF DE L’ETAT a mis à disposition près de 30 000 000 000 FCFA (trente milliards de francs), qui a permis de réhabiliter 29,057 km voies, de construire 5,662 Km de drains, d’installer 106 points lumineux et de créer des milliers emplois. Les travaux exécutés par RAZEL dans le cadre du Fonds Routier : Il s’agit du tronçon « Carrefour Garage Administratif MINADER – Carrefour Moussa – Carrefour Petit Paris » long de 750 ml (achevé et réceptionné). Les travaux réalisés dans le cadre du Programme C2D Urbain Capitales Régionales : – 230,36 km de routes en BCR ou en pavés, mise en circulation ; – De nombreux points d’éclairages publics pour améliorer la visibilité de nuit et réduire le phénomène d’insécurité ; – Les services urbains avec l’approvisionnement en eau potable (kiosques à eau et forage), les toilettes publiques et latrines scolaires ; – L’aménagement des espaces marchands dont le marché YELWA, BEAC et le marché aux poissons et bétails ; – L’aménagement du parc boisé situé au cœur de la ville de Garoua, s’étend sur une superficie de 185 835 m² et est constitué de : D’un bar avec terrasse ; Un restaurant ; Une salle fitness ; Un bâtiment pour pique-nique ; Des aires de jeux pour enfants ; Des terrains de sport (Basket, handball, volley et mini foot) ; Une piste cyclable ; Un espace de stationnement ; Des voies de desserte et trois passerelles piétonnes pour faciliter la mobilité des usagers. – L’aménagement du jardin l’An 2000 qui se trouve dans le quartier dit « Plateau », en face des services du Gouverneur du Nord, il s’étend sur une superficie de 17 130 m² et, a été équipé d’un restaurant moderne, des bancs publics et des candélabres solaires ; – L’aménagement des marchés YELWA et BEAC, avec la construction de : 72 boutiques ; 02 hangars de 212 places ; 04 blocs de toilettes ; 03 bornes fontaines ; 04 réceptacles et bacs à ordures ; 1000m² d’allées piétonnes ; – L’acquisition d’un engin de curage ; Les travaux suscités sont achevés et réceptionnés. Les populations de Garoua revendiquent avec fierté le classement de Garoua parmi les plus belles villes du Cameroun. 0 commentaires Soumettre un commentaire Annuler la réponse Vous devez vous connecter p",350 000 000 FCFA,185 835 m²,Est,Est,,web_scraper,https://www.minhdu.gov.cm/garoua-la-belle-recoit-de-nouvelles-infrastructures-de-mobilite-urbaine-voulues-par-le-chef-de-letat,land,350000000.0,,
Garoua la belle reçoit de nouvelles infrastructures de mobilité urbaine voulues par le Chef de l’Etat,"Garoua la belle reçoit de nouvelles infrastructures de mobilité urbaine voulues par le Chef de l’Etat [wp-word-count] words | [wp-word-count-reading-time] | 611 Facebook Twitter Gmail Yahoo Mail Au terme du Septennat qui s’achève, suivant les Hautes Directives le PRESIDENT DE LA REPUBLIQUE CHEF DE L’ETAT, le Ministre de l’Habitat et du Développement Urbain dans le cadre de la politique visant à développer les grandes métropoles et améliorer le cadre de vie des populations en milieu urbain, a conduit et piloté plusieurs projets de construction d’infrastructures dans la ville de Garoua. Ces projets s’inscrivent dans une dynamique globale de renforcement de la résilience urbaine, à améliorer l’accessibilité, à favoriser l’inclusion sociale et à moderniser les espaces urbains dans une perspective durable. C’est dans ce contexte qu’intervient la visite de travail et de suivi-évaluation des projets a été initiée, afin d’assurer d’un contrôle efficient de l’exécution technique des projets, d’identifier et de faire connaitre à la population de la ville de Garoua, l’importance que le Gouvernement accorde à leur ville à travers la réalisation des projets structurants visibles et palpables ci-après : I. TRAVAUX EN COURS Les travaux en cours d’exécution par CROISIERE BTP : Tronçon 1 : « Dramen CNPS – Inter voie périphérique » long de 233,70 ml dans la commune de Garoua 1er (achevé et réceptionné) ; Tronçon 2 : « Aménagement d’une voie reliant les deux entrées principales de la Grande Mosquée de Poumpoumré » dans la commune de Garoua 1er (achevé et réceptionné) ; Tronçon 3 : « Carrefour Marouaré Pressing – Carrefour Djabirou – CSI Poumpoumré » long de 526 ml (en cours d’exécution) ; Les travaux en cours d’exécution par Cameroon Construction : Il s’agit des travaux de réhabilitation du « Carrefour SODECOTON-Carrefour Nigériaré » long de 190 ml (en cours d’exécution) ; Les travaux de restructuration des quartiers précaires : Relativement au projet de restructuration de Garoua 1er, les études d’Avant-Projet Sommaire sont disponibles. Le site de LOWEL a été choisi comme site de recasement, les travaux préliminaires ont été programmés pour le triennat qui s’annonce (2026-2028) et débuteront par l’aménagement des voies d’accès, pour un montant global de 350 000 000 FCFA (Trois cent cinquante millions de francs) ; Le transport urbain de masse par Bus : En dépit des retards observés dans la contractualisation, les travaux de pose des panneaux de signalisation pour arrêt Bus, de construction des abris et de construction d’un bâtiment administratif pour la Société de Transport de Garoua (STG) sont en cours. Le MINHDU a profité de sa visite pour visiter les constructions en cours. II. TRAVAUX ACHEVES Projets CAN : Ces projets ont particulièrement métamorphosé la ville de Garoua, le CHEF DE L’ETAT a mis à disposition près de 30 000 000 000 FCFA (trente milliards de francs), qui a permis de réhabiliter 29,057 km voies, de construire 5,662 Km de drains, d’installer 106 points lumineux et de créer des milliers emplois. Les travaux exécutés par RAZEL dans le cadre du Fonds Routier : Il s’agit du tronçon « Carrefour Garage Administratif MINADER – Carrefour Moussa – Carrefour Petit Paris » long de 750 ml (achevé et réceptionné). Les travaux réalisés dans le cadre du Programme C2D Urbain Capitales Régionales : – 230,36 km de routes en BCR ou en pavés, mise en circulation ; – De nombreux points d’éclairages publics pour améliorer la visibilité de nuit et réduire le phénomène d’insécurité ; – Les services urbains avec l’approvisionnement en eau potable (kiosques à eau et forage), les toilettes publiques et latrines scolaires ; – L’aménagement des espaces marchands dont le marché YELWA, BEAC et le marché aux poissons et bétails ; – L’aménagement du parc boisé situé au cœur de la ville de Garoua, s’étend sur une superficie de 185 835 m² et est constitué de : D’un bar avec terrasse ; Un restaurant ; Une salle fitness ; Un bâtiment pour pique-nique ; Des aires de jeux pour enfants ; Des terrains de sport (Basket, handball, volley et mini foot) ; Une piste cyclable ; Un espace de stationnement ; Des voies de desserte et trois passerelles piétonnes pour faciliter la mobilité des usagers. – L’aménagement du jardin l’An 2000 qui se trouve dans le quartier dit « Plateau », en face des services du Gouverneur du Nord, il s’étend sur une superficie de 17 130 m² et, a été équipé d’un restaurant moderne, des bancs publics et des candélabres solaires ; – L’aménagement des marchés YELWA et BEAC, avec la construction de : 72 boutiques ; 02 hangars de 212 places ; 04 blocs de toilettes ; 03 bornes fontaines ; 04 réceptacles et bacs à ordures ; 1000m² d’allées piétonnes ; – L’acquisition d’un engin de curage ; Les travaux suscités sont achevés et réceptionnés. Les populations de Garoua revendiquent avec fierté le classement de Garoua parmi les plus belles villes du Cameroun. 0 Comments Submit a Comment Cancel reply You must be logged in to post a comment. to ",350 000 000 FCFA,185 835 m²,Est,Est,,web_scraper,https://www.minhdu.gov.cm/en/garoua-la-belle-recoit-de-nouvelles-infrastructures-de-mobilite-urbaine-voulues-par-le-chef-de-letat,land,350000000.0,,
CREDITS TRANSFERES : Le MINHDU appelle à un meilleur suivi en 2026,"CREDITS TRANSFERES : Le MINHDU appelle à un meilleur suivi en 2026 [wp-word-count] words | [wp-word-count-reading-time] | 87 Facebook Twitter Gmail Yahoo Mail Le lancement officiel du BIP-MINHDU, le 30 janvier 2026 à Garoua pour la mise en œuvre des compétences transféré au titre de l’exercice budgétaire 2026 dans les Régions de l’Adamaoua du Nord et de l’Extrême Nord a été l’occasion pour le Ministre de l’Habitat et du Développement Urbain à travers son représentant personnel le Pr Mathurin Nna Secrétaire général du MINHDU, d’appeler les magistrats municipaux à une réalisation sereine et accélérée des projets à eux confiés dans le cadre des crédits transférés. Des crédits qui serviront entre autres à : l’éclairage public, la réalisation d’opérations d’aménagement d’intérêts communautaires, la réhabilitation et la gestion des espaces, l’élaboration des documents d’urbanisme, la création et l’entretien des voiries municipales ainsi que la réalisation des travaux connexes. Les ressources financières transférées aux Collectivités Territoriales Décentralisées, pour le compte de l’exercice 2026, s’élèvent à neuf milliards de F CFA, soit 145 communes bénéficiaires, dont 1 897 000 000 F CFA pour la Grande Zone Nord de notre pays et qui serviront à accompagner le développement de 38 communes. Le Ministre Célestine Ketcha Courtès appelle au sens de responsabilité des maires et leur demande de corriger les imperfections constatées en 2025, dans la mise en œuvre de ces projets dont certains sont tombés en forclusion. Comme causes de ces échecs, il a été relevé : les retards liés à la passation des marchés, la faible voire la mauvaise collaboration qui existe entre les acteurs dans le suivi de ces projets ; le retard dans la mise à disposition des autorisations d’engagements et aux procédures de délocalisation des projets et de modification de l’objet du projet, ainsi que l’exclusion dans certains cas des délégués départementaux du MINHDU qui assurent la remonté de l’information en vue de la résolution en temps réel des problèmes éventuels. Le MINHDU en appelle à une meilleure et plus grande collaboration des délégués régionaux du MINMAP, MINFI, MINEPAT et MINDDEVEL, notamment s’agissant des diligences en matière de passation des marchés, des garanties apportées aux maires relativement à l’édition des autorisations d’engagement dont le retard entraîne le retard dans processus de passation des marchés. Aux maires, le Ministre Célestine Ketcha Courtès rappelle que c’est à eux d’impulser le développement local durable comme énoncé dans la loi portant le Code Général des collectivités territoriales décentralisées promulguée le 24 décembre en 2019. Ils sont au cœur de l’action publique notamment en matière de planification, d’urbanisme et d’habitat. Elle les appelle à toujours anticiper les éventuels blocages et leur demande de lancer dès le début de chaque année budgétaire, les procédures de passation des marchés. Tout comme elle les exhorte à toujours rendre compte en temps réel des difficultés sur le terrain. Le Ministre prescrit également l’encadrement des entreprises adjudicatrices des marchés. En citant le Chef de l’Etat dans son message à la Nation le 31 décembre 2025, le Ministre insiste sur une cause nationale à savoir : améliorer les conditions de vie des populations via une exécution rigoureuse. À Garoua, Ngaoundéré et Maroua, “les promesses doivent devenir actions tangibles” a -t-elle rappelée. 0 Comments Submit a Comment Cancel reply You must be logged in to post a comment. to read also Logements sociaux à Douala : le gouvernement accélère et promet des titres fonciers en 2026 Cérémonie de présentation des vœux au MINHDU : Un bilan 2025 riche et plus de 400 milliards pour les villes de demain. Conférence annuelle du MINHDU : l'engagement ferme pour une mobilité urbaine moderne au Cameroun. CREDITS TRANSFERES : Le MINHDU appelle à un meilleur suivi en 2026 Emmission le Citadin Ne ratez pas notre émission hebdomadaire du Samedi qui sera diffusée sur la radio POSTE NATIONAL 94.0 FM dès 16h30 Useful Links Presidence of the Republic Senat National Assembly Prime Minister's Office MINFI MINDCAF DGI CFC SIC MAETUR CUY CUD Picture Gallery Vidéos Speechs Contact-Us",1 897 000 000 F CFA,,Adamaoua,Adamaoua,,web_scraper,https://www.minhdu.gov.cm/en/le-minhdu-appelle-a-un-meilleur-suivi-en-2026,development,1897000000.0,,
CREDITS TRANSFERES : Le MINHDU appelle à un meilleur suivi en 2026 - MINHDU,"CREDITS TRANSFERES : Le MINHDU appelle à un meilleur suivi en 2026 [wp-word-count] mots | [wp-word-count-reading-time] | 85 Facebook Twitter Gmail Yahoo Mail Le lancement officiel du BIP-MINHDU, le 30 janvier 2026 à Garoua pour la mise en œuvre des compétences transféré au titre de l’exercice budgétaire 2026 dans les Régions de l’Adamaoua du Nord et de l’Extrême Nord a été l’occasion pour le Ministre de l’Habitat et du Développement Urbain à travers son représentant personnel le Pr Mathurin Nna Secrétaire général du MINHDU, d’appeler les magistrats municipaux à une réalisation sereine et accélérée des projets à eux confiés dans le cadre des crédits transférés. Des crédits qui serviront entre autres à : l’éclairage public, la réalisation d’opérations d’aménagement d’intérêts communautaires, la réhabilitation et la gestion des espaces, l’élaboration des documents d’urbanisme, la création et l’entretien des voiries municipales ainsi que la réalisation des travaux connexes. Les ressources financières transférées aux Collectivités Territoriales Décentralisées, pour le compte de l’exercice 2026, s’élèvent à neuf milliards de F CFA, soit 145 communes bénéficiaires, dont 1 897 000 000 F CFA pour la Grande Zone Nord de notre pays et qui serviront à accompagner le développement de 38 communes. Le Ministre Célestine Ketcha Courtès appelle au sens de responsabilité des maires et leur demande de corriger les imperfections constatées en 2025, dans la mise en œuvre de ces projets dont certains sont tombés en forclusion. Comme causes de ces échecs, il a été relevé : les retards liés à la passation des marchés, la faible voire la mauvaise collaboration qui existe entre les acteurs dans le suivi de ces projets ; le retard dans la mise à disposition des autorisations d’engagements et aux procédures de délocalisation des projets et de modification de l’objet du projet, ainsi que l’exclusion dans certains cas des délégués départementaux du MINHDU qui assurent la remonté de l’information en vue de la résolution en temps réel des problèmes éventuels. Le MINHDU en appelle à une meilleure et plus grande collaboration des délégués régionaux du MINMAP, MINFI, MINEPAT et MINDDEVEL, notamment s’agissant des diligences en matière de passation des marchés, des garanties apportées aux maires relativement à l’édition des autorisations d’engagement dont le retard entraîne le retard dans processus de passation des marchés. Aux maires, le Ministre Célestine Ketcha Courtès rappelle que c’est à eux d’impulser le développement local durable comme énoncé dans la loi portant le Code Général des collectivités territoriales décentralisées promulguée le 24 décembre en 2019. Ils sont au cœur de l’action publique notamment en matière de planification, d’urbanisme et d’habitat. Elle les appelle à toujours anticiper les éventuels blocages et leur demande de lancer dès le début de chaque année budgétaire, les procédures de passation des marchés. Tout comme elle les exhorte à toujours rendre compte en temps réel des difficultés sur le terrain. Le Ministre prescrit également l’encadrement des entreprises adjudicatrices des marchés. En citant le Chef de l’Etat dans son message à la Nation le 31 décembre 2025, le Ministre insiste sur une cause nationale à savoir : améliorer les conditions de vie des populations via une exécution rigoureuse. À Garoua, Ngaoundéré et Maroua, « les promesses doivent devenir actions tangibles » a -t-elle rappelée. 0 commentaires Soumettre un commentaire Annuler la réponse Vous devez vous connecter pour publier un commentaire. à lire aussi Logements sociaux à Douala : le gouvernement accélère et promet des titres fonciers en 2026 Cérémonie de présentation des vœux au MINHDU : Un bilan 2025 riche et plus de 400 milliards pour les villes de demain. Conférence annuelle du MINHDU : l’engagement ferme pour une mobilité urbaine moderne au Cameroun. CREDITS TRANSFERES : Le MINHDU appelle à un meilleur suivi en 2026 Emmission le Citadin Ne ratez pas notre émission hebdomadaire du Samedi qui sera diffusée sur la radio POSTE NATIONAL 94.0 FM dès 16h30 Liens Utiles Présidence de la République Senat Assemblé Nationale Services du Premier Ministre MINFI MINDCAF DGI CFC SIC MAETUR FEICOM MIPROMALO CUY CUD HYSACAM Galerie Photos Vidéos Discours Contactez-Nous",1 897 000 000 F CFA,,Adamaoua,Adamaoua,,web_scraper,https://www.minhdu.gov.cm/le-minhdu-appelle-a-un-meilleur-suivi-en-2026,development,1897000000.0,,
Archives des A la une - Page 20 sur 27 - MINHDU,"Projet de Développement des Villes Inclusives et Résilientes dans la ville de Douala: le MINHDU lance et évalue les travaux. 13-11-2023 | 0 commentaires » Instruit par le Chef de l’État, Son Excellence Paul Biya, cet événement marque le début de la matérialisation d’un ambitieux projet porté en faveur des populations de la ville de Douala. Ces projets structurants qui s’exécutent dans la ville de Douala constituent le début d’un vaste processus qui vise à contribuer au changement de la physionomie de la ville de Douala « . Ainsi s’exprimait le Ministre de l’Habitat et du Développement Urbain lors de son discours de lancement des travaux du Projet de Développement des Villes Inclusives et Résilientes (PDVIR), sur l’esplanade de la Mairie d’arrondissement de Douala III le 08 novembre 2023. Une journée qui a vue le MINHDU effectué une descente sur plusieurs sites où les travaux sont déjà effectifs. Il s’agit entre autres des ouvrages de drainage dans la commune de Douala V et lll, des travaux de construction, sur un site de 10ha , de la plus grande station de traitement de boues de vidange dans le quartier Ngombe dans la Commune d’arrondissement de Douala V. Cette visite comme l’a relevé Madame le Ministre » vise à s’assurer de la mobilisation effective des entreprises adjudicataires des travaux, ainsi que les deux cabinets en charge du contrôle de ces travaux. Apprécier les travaux déjà réalisés, apprécier les difficultés rencontrées, donner des orientations en vue de l’amélioration de la cadence d’exécution des prestations afin de les achever dans les délais contractuels pour l’usage des bénéficiaires qui attendent « . C’est dans cet esprit que le MINHDU a présidé la séance de débriefing qui s’est déroulée dans la salle de réunion de la communauté urbaine en présence du Maire de la ville. Le PDVIR à Douala c’est 46 milliards de FCFA TTC pour les constructions de drain et la réhabilitation de la voirie . En rappel il s’agit d’un Projet financé par la Banque mondiale et le Gouvernement camerounais.",,10ha,Est,Est,2023-11-13,web_scraper,https://www.minhdu.gov.cm/category/a_la_une/page/20,development,,100000.0,
MINHDU,"Flash Infos Cérémonie de présentation des vœux au MINHDU : Un bilan 2025 riche et plus de 400 milliards pour les villes de demain. Hygiène et salubrité en milieu urbain : Le MINHDU rétrocède des balayeuses mécaniques aux Communes de Yaoundé I et Yaoundé V COPIL des programmes Capitales Régionales et SPORCAP : Feuilles de route 2026 validées pour un achèvement accéléré des infrastructures urbaines Yaoundé : Le Projet Plateforme Urbaine engage une nouvelle dynamique pour une gestion durable des déchets solides municipaux Amélioration de la mobilité urbaine à Yaoundé : Sur Très Haute Prescription du Président Paul BIYA, le MINHDU lance les travaux de la route « Carrière chapelle notre dame de Lorette - carrefour pont de sable » Modernisation de Maroua: les mutations de la ville mises en lumière par le Programme C2D et le PDVIR Garoua la belle reçoit de nouvelles infrastructures de mobilité urbaine voulues par le Chef de l’Etat Développement urbain: Bamenda au centre des attentions du Chef de l’Etat. VOIRIE ET TRANSPORT DANS LA VILLE DE DOUALA : LE COUPS D’ACCÉLÉRATION DU PMUD AMÉLIORATION DE LA MOBILITÉ URBAINE DANS LA VILLE DE YAOUNDÉ : LE PROJET DE LA VOIE DE CONTOURNEMENT DE YAOUNDÉ (VCY) DANS LES DENIERS RÉGLAGES Logements sociaux à Douala : le gouvernement accélère et promet des titres fonciers en 2026 Détail... Cérémonie de présentation des vœux au MINHDU : Un bilan 2025 riche et plus de 400 milliards pour les villes de demain. Détail... Conférence annuelle du MINHDU : l'engagement ferme pour une mobilité urbaine moderne au Cameroun. Détail... CREDITS TRANSFERES : Le MINHDU appelle à un meilleur suivi en 2026 Détail... Voirie urbaine : Le MINHDU évalue l’avancement des travaux du Projet « Yaoundé Cœur de Ville » et d’autres projets de réhabilitation des voiries Détail... Hygiène et salubrité en milieu urbain : Le MINHDU rétrocède des balayeuses mécaniques aux Communes de Yaoundé I et Yaoundé V Détail... PVGFD : Le Nouveau Paradigme de la Modernisation Urbaine Résiliente au Cameroun Détail... Urban’Her : une contribution pour la révolution féminine dans la planification urbaine au Cameroun. Détail... Section urbaine de l’Autoroute Yaoundé-Nsimalen : Le MINHDU installe officiellement l’équipe du projet Détail... COPIL des programmes Capitales Régionales et SPORCAP : Feuilles de route 2026 validées pour un achèvement accéléré des infrastructures urbaines Détail... Minister's word Write to the Minister Informations récentes Logements sociaux à Douala : le gouvernement accélère et promet des titres fonciers en 2026 13 Feb, 2026 Le Ministre de l’Habitat et du Développement Urbain a présidé la cérémonie solennelle de remise... read more Cérémonie de présentation des vœux au MINHDU : Un bilan 2025 riche et plus de 400 milliards pour les villes de demain. 9 Feb, 2026 Au lendemain de la réélection éclatante de Son Excellence Paul Biya et de son investiture, le 6... read more Conférence annuelle du MINHDU : l'engagement ferme pour une mobilité urbaine moderne au Cameroun. 4 Feb, 2026 Le ministre de l’Habitat et du Développement urbain (MINHDU) a présidé ce mardi 3 février 2026 la... read more CREDITS TRANSFERES : Le MINHDU appelle à un meilleur suivi en 2026 2 Feb, 2026 Le lancement officiel du BIP-MINHDU, le 30 janvier 2026 à Garoua pour la mise en œuvre des... read more See All... Actu Région Hygiène et salubrité en milieu urbain : Le MINHDU rétrocède des balayeuses mécaniques aux Communes de Yaoundé I et Yaoundé V 27 Jan, 2026 Le ministre de l’Habitat et du Développement urbain a présidé, le lundi 26 janvier 2026, la... read more Projet ""Cité intelligente Paul Biya d'Ebolowa"" : le Groupe WAGAS obtient l'onction du Conseil régional du Sud. 29 Sep, 2025 En marge des travaux de la 5ème session extraordinaire du Conseil régional du Sud, une cérémonie... read more Modernisation de Maroua: les mutations de la ville mises en lumière par le Programme C2D et le PDVIR 22 Sep, 2025 Lors de son adresse à la nation le 31 décembre 2023, le Chef de l’Etat, Son Excellence Monsieur... read more Garoua la belle reçoit de nouvelles infrastructures de mobilité urbaine voulues par le Chef de l’Etat 22 Sep, 2025 Au terme du Septennat qui s’achève, suivant les Hautes Directives le PRESIDENT DE LA REPUBLIQUE... read more See All... Dossier Projets E-data Urbain Indicators Studies Carried Out Geoportal of MINHUD National Directory of Estate Agents and Property Developers and Co-ownership Associations Accès Rapide États Généraux de la Gestion des Déchets dans les Villes. Signaler une Zone ou une Contruction à Risque Lutte contre la corruption The Events Informations Request Tender Notices Démarche Construire Acquisition Logements Sociaux Real Estate Agents Picture Gallery Emmission le Citadin Ne ratez pas notre émission hebdomadaire du Samedi qui sera diffusée sur la radio POSTE NATIONAL 94.0 FM dès 16h30 Habitat Aménagement Voiries et Réseau Divers Planification Urbaine Useful Links Presidence of the Republic Senat National Assembly Pri",,30 Ha,Centre,Centre,,web_scraper,https://www.minhdu.gov.cm/en,infrastructure,,300000.0,
Eclairage public via l'énergie photovoltaïque : le MINHDU appui le Réseau des Femmes Elues locales (REFELACAM) - MINHDU,"Eclairage public via l’énergie photovoltaïque : le MINHDU appui le Réseau des Femmes Elues locales (REFELACAM) [wp-word-count] mots | [wp-word-count-reading-time] | 596 Facebook Twitter Gmail Yahoo Mail Le ministre de l’Habitat et du Développement urbain du Cameroun Célestine Ketcha Courtès a reçu en audience le 14 juin 2022, une délégation des membres du Réseau des Femmes Elues locales d’Afrique, section du Cameroun (REFELACAM). Celle-ci est venue présenter au ministre leur projet dénommé : « Femmes et Energie Durable au Cameroun » (FEDECAM) et qui vise à fournir l’éclairage public via l’énergie photovoltaïque dans les communes de Pete Bandjoun, Kon Yambette, Dzeng, Tombel, Ebone, Akom 2. Il a été question au cours de cette rencontre de peaufiner la stratégie de mise en œuvre dudit projet. Le ministère de l’Habitat et du Développement urbain s’est engagé, à travers un accord de principe, à accompagner le projet. Madame Célestine Ketcha Courtès a ainsi annoncé l’inscription dans le budget d’investissement public de son département ministériel, pour l’exercice 2023, de la somme de 300 000 000 Fcfa comme contribution à la réalisation du projet. La mise en œuvre de ce projet initié en 2021 et qui bénéficie de l’appui de l’Association Internationale des Maires Francophones (AIMF) et du partenaires technique et financier le Fonds Français pour l’Environnement Mondial (FFEM), démarrera après les études supplémentaires en cours. 0 commentaires Soumettre un commentaire Annuler la réponse Vous devez vous connecter pour publier un commentaire. à lire aussi Logements sociaux à Douala : le gouvernement accélère et promet des titres fonciers en 2026 Cérémonie de présentation des vœux au MINHDU : Un bilan 2025 riche et plus de 400 milliards pour les villes de demain. Conférence annuelle du MINHDU : l’engagement ferme pour une mobilité urbaine moderne au Cameroun. CREDITS TRANSFERES : Le MINHDU appelle à un meilleur suivi en 2026 Emmission le Citadin Ne ratez pas notre émission hebdomadaire du Samedi qui sera diffusée sur la radio POSTE NATIONAL 94.0 FM dès 16h30 Liens Utiles Présidence de la République Senat Assemblé Nationale Services du Premier Ministre MINFI MINDCAF DGI CFC SIC MAETUR FEICOM MIPROMALO CUY CUD HYSACAM Galerie Photos Vidéos Discours Contactez-Nous",300 000 000 Fcfa,,Est,Est,,web_scraper,https://www.minhdu.gov.cm/eclairage-public-via-lenergie-photovoltaique-le-minhdu-appui-le-reseau-des-femmes-elues-locales-refelacam,housing,300000000.0,,
BASE DE DONNEES URBAINE DU CAMEROUN,BASE DE DONNEES URBAINE DU CAMEROUN Mot du Ministre Indicateurs Urbains Indicateurs par thème Indicateurs par ville/commune Recherche avancée Français Anglais » RÉGIONS/DÉPARTEMENTS ADAMAOUA 5 FARO ET DEO 8 MAYO BANYO 6 MBERE 8 VINA 14 DJEREM 4 CENTRE 10 HAUTE SANAGA 14 LEKIE 17 MBAM ET INOUBOU 18 MBAM ET KIM 12 MEFOU ET AFAMBA 18 MEFOU ET AKONO 8 MFOUNDI 8 NYONG ET KELLE 20 NYONG ET MFOUMOU 11 NYONG ET SO'O 12 EST 4 BOUMBA ET NGOKO 8 HAUT NYONG 30 KADEY 18 LOM ET DJEREM 14 EXTREME NORD 6 DIAMARE 18 LOGONE ET CHARI 22 MAYO DANAY 22 MAYO KANI 16 MAYO SAVA 6 MAYO TSANAGA 15 LITTORAL 4 MOUNGO 29 NKAM 10 SANAGA MARITIME 21 WOURI 8 NORD 4 BENOUE 25 FARO 4 MAYO LOUTI 6 MAYO REY 8 NORD OUEST 7 BUI 15 BOYO 9 DONGA-MANTUNG 12 MENCHUM 8 MEZAM 12 MOMO 13 NGO-KENTUNJIA 6 OUEST 8 BAMBOUTOS 8 HAUT NKAM 14 HAUTS PLATEAUX 8 KOUNG KHI 8 MENOUA 13 MIFI 4 NDE 8 NOUN 18 SUD 4 DJA ET LOBO 16 VALLEE DU NTEM 7 MVILA 13 OCEAN 19 SUD OUEST 6 FAKO 13 KUPE MANENGUBA 6 LEBIALEM 7 MANYU 9 MEME 8 NDIAN 18 >> VILLES/COMMUNES COMMUNEdeNGAOUNDAL COMMUNEdeTIBATI COMMUNEdeMAYO-BALEO COMMUNEdeTIGNERE COMMUNEdeGALIM-TIGNERE COMMUNEdeKONTCHA COMMUNEdeBANYO COMMUNEdeBANKIM COMMUNEdeMAYO-DARLE COMMUNEdeMEIGANGA COMMUNEdeDJOHONG COMMUNEdeDIR COMMUNEdeNGAOUI VILLEdeNGAOUNDERE COMMUNEdeNGAOUNDERE 1er COMMUNEdeNGAOUNDERE 2e COMMUNEdeNGAOUNDERE 3e COMMUNEdeBELEL COMMUNEdeMBE COMMUNEdeNGANHA COMMUNEdeNYAMBAKA COMMUNEdeMARTAP COMMUNEdeMBANDJOCK COMMUNEdeMINTA COMMUNEdeNANGA-EBOKO COMMUNEdeNKOTENG COMMUNEdeBIBEY COMMUNEdeNSEM COMMUNEdeLEMBE-YEZOUM COMMUNEdeEVODOULA COMMUNEdeMONATELE COMMUNEdeOBALA COMMUNEdeOKOLA COMMUNEdeSA'A COMMUNEdeELIG-MFOMO COMMUNEdeEBEBDA COMMUNEdeBATSCHENGA COMMUNEdeLOBO COMMUNEdeBAFIA COMMUNEdeBOKITO COMMUNEdeDEUK COMMUNEdeMAKENENE COMMUNEdeNDIKINIMEKI COMMUNEdeOMBESSA COMMUNEdeKIIKI COMMUNEdeKON-YAMBETTA COMMUNEdeNITOUKOU COMMUNEdeNTUI COMMUNEdeNGAMBE COMMUNEdeNGORO COMMUNEdeYOKO COMMUNEdeNGAMBE-TIKAR COMMUNEdeMBANGASSINA COMMUNEdeMFOU COMMUNEdeESSE COMMUNEdeAWAE COMMUNEdeSOA COMMUNEdeAFANLOUM COMMUNEdeASSAMBA COMMUNEdeEDZENDOUAN COMMUNEdeNKOLAFAMBA COMMUNEdeOLANGUINA COMMUNEdeNGOUMOU COMMUNEdeAKONO COMMUNEdeMBANKOMO COMMUNEdeBIKOK VILLEdeYAOUNDE COMMUNEdeYAOUNDE I COMMUNEdeYAOUNDE II COMMUNEdeYAOUNDE III COMMUNEdeYAOUNDE IV COMMUNEdeYAOUNDE V COMMUNEdeYAOUNDE VI COMMUNEdeYAOUNDE VII COMMUNEdeBOT-MAKAK COMMUNEdeESEKA COMMUNEdeMAKAK COMMUNEdeMESSONDO COMMUNEdeNGOG-MAPUBI COMMUNEdeMATOMB COMMUNEdeDIBANG COMMUNEdeNGUIBASSAL COMMUNEdeBONDJOCK COMMUNEdeBIYOUHA COMMUNEdeAKONOLINGA COMMUNEdeAYOS COMMUNEdeKOBDOMBO COMMUNEdeENDOM COMMUNEdeMENGANG COMMUNEdeYAKOKOMBO COMMUNEdeDZENG COMMUNEdeMBALMAYO COMMUNEdeNGOMEDZAP COMMUNEdeAKOEMAN COMMUNEdeMENGUEME COMMUNEdeNKOL-METET COMMUNEdeMOLOUNDOU COMMUNEdeYOKADOUMA COMMUNEdeSALAPOUMBE COMMUNEdeGARI-GOMBO COMMUNEdeABONG-MBANG COMMUNEdeDOUME COMMUNEdeLOMIE COMMUNEdeMESSAMENA COMMUNEdeNGUELEMENDOUKA COMMUNEdeMBOMA COMMUNEdeATOK COMMUNEdeDIMAKO COMMUNEdeNGOYLA COMMUNEdeBEBEND COMMUNEdeMBOUANZ COMMUNEdeDJA COMMUNEdeDOUMAINTANG COMMUNEdeMESSOK COMMUNEdeMINDOUROU COMMUNEdeANGOSSAS COMMUNEdeSAMALOMO COMMUNEdeBOMA COMMUNEdeBENDENG COMMUNEdeBATOURI COMMUNEdeNDELELE COMMUNEdeKETTE COMMUNEdeKENTZOU COMMUNEdeOULI COMMUNEdeNGUELEBOK COMMUNEdeMBANG COMMUNEdeNDEM-NAM COMMUNEdeBOMBE COMMUNEdeMBOTORO COMMUNEdeSO VILLEdeBERTOUA COMMUNEdeBERTOUA 1er COMMUNEdeBERTOUA 2e COMMUNEdeBETARE-OYA COMMUNEdeBELABO COMMUNEdeGAROUA-BOULAÏ COMMUNEdeDIANG COMMUNEdeMANDJOU COMMUNEdeNGOURA COMMUNEdeBOGO VILLEdeMAROUA COMMUNEdeMAROUA 1er COMMUNEdeMAROUA 2e COMMUNEdeMAROUA 3e COMMUNEdeMERI COMMUNEdeGAZAWA COMMUNEdePETTE COMMUNEdeNDOUKOULA COMMUNEdeDARGALA COMMUNEdeDOUKOULA COMMUNEdeKOUSSERI COMMUNEdeMAKARY COMMUNEdeLOGONE-BIRNI COMMUNEdeGOULFEY COMMUNEdeWAZA COMMUNEdeFOTOKOL COMMUNEdeHILE-HALIFA COMMUNEdeBLANGOUA COMMUNEdeDARAK COMMUNEdeZINA COMMUNEdeNYANON COMMUNEdeKAR-HAY COMMUNEdeGUEME COMMUNEdeDATCHEKA COMMUNEdeYAGOUA COMMUNEdeGUERE COMMUNEdeMAGA COMMUNEdeKALFOU COMMUNEdeWINA COMMUNEdeVELE COMMUNEdeTCHATIBALI COMMUNEdeGOBO COMMUNEdeKAÏ-KAÏ COMMUNEdeKAELE COMMUNEdeGUIDIGUIS COMMUNEdeMINDIF COMMUNEdeMOUTOURWA COMMUNEdeTOULOUM COMMUNEdeDZIGUILAO COMMUNEdeMOULVOUDAYE COMMUNEdePORHI COMMUNEdeTAIBONG COMMUNEdeMORA COMMUNEdeTOKOMBERE COMMUNEdeKOLOFATA COMMUNEdeMOKOLO COMMUNEdeBOURRHA COMMUNEdeKOZA COMMUNEdeHINA COMMUNEdeMOZOGO COMMUNEdeMOGODE COMMUNEdeMAYO-MASKOTA COMMUNEdeSOULEDE-ROUA COMMUNEdeDIBOMBARI COMMUNEdeLOUM COMMUNEdeMANJO COMMUNEdeMBANGA COMMUNEdeMELONG VILLEdeNKONGSAMBA COMMUNEdeNKONGSAMBA 1er COMMUNEdeNKONGSAMBA 2e COMMUNEdeNKONGSAMBA 3e COMMUNEdeBONALEA COMMUNEdeBARE COMMUNEdeEBONE COMMUNEdeNLONAKO COMMUNEdeBARE-BAKEM COMMUNEdePENJA COMMUNEdeNJOMBE-PENJA COMMUNEdeABO COMMUNEdeMOMBO COMMUNEdeNKONDJOCK COMMUNEdeNDOBIAN COMMUNEdeYABASSI COMMUNEdeYINGUI COMMUNEdeNORD-MAKOMBE COMMUNEdeDIZANGE VILLEdeEDEA COMMUNEdeEDEA 1er COMMUNEdeEDEA 2e COMMUNEdeNDOM COMMUNEdeNGAMBE COMMUNEdePOUMA COMMUNEdeMOUANKO COMMUNEdeDIBAMBA COMMUNEdeNGWEI COMMUNEdeNYANON COMMUNEdeMASSOCK-SONGLOULOU VILLEdeDOUALA COMMUNEdeDOUALA 1er COMMUNEdeDOUALA 2e ,,10 HA,Adamaoua,Adamaoua,,web_scraper,https://www.minhdu.gov.cm/observatoiresf/web/fr/indicateurscommune%3F0%260%26,title,,100000.0,
BASE DE DONNEES URBAINE DU CAMEROUN,BASE DE DONNEES URBAINE DU CAMEROUN Word of Minister Urban Indicators Indicators by theme Indicators by city / town Advanced research French English » REGIONS/DEPARTMENTS ADAMAWA 5 FARO ET DEO 8 MAYO BANYO 6 MBERE 8 VINA 14 DJEREM 4 CENTER 10 HAUTE SANAGA 14 LEKIE 17 MBAM ET INOUBOU 18 MBAM ET KIM 12 MEFOU ET AFAMBA 18 MEFOU ET AKONO 8 MFOUNDI 8 NYONG ET KELLE 20 NYONG ET MFOUMOU 11 NYONG ET SO'O 12 EAST 4 BOUMBA ET NGOKO 8 HAUT NYONG 30 KADEY 18 LOM ET DJEREM 14 FAR NORTH 6 DIAMARE 18 LOGONE ET CHARI 22 MAYO DANAY 22 MAYO KANI 16 MAYO SAVA 6 MAYO TSANAGA 15 LITTORAL 4 MOUNGO 29 NKAM 10 SANAGA MARITIME 21 WOURI 8 NORTH 4 BENOUE 25 FARO 4 MAYO LOUTI 6 MAYO REY 8 NORTH WEST 7 BUI 15 BOYO 9 DONGA-MANTUNG 12 MENCHUM 8 MEZAM 12 MOMO 13 NGO-KENTUNJIA 6 WEST 8 BAMBOUTOS 8 HAUT NKAM 14 HAUTS PLATEAUX 8 KOUNG KHI 8 MENOUA 13 MIFI 4 NDE 8 NOUN 18 SOUTH 4 DJA ET LOBO 16 VALLEE DU NTEM 7 MVILA 13 OCEAN 19 SOUTH WEST 6 FAKO 13 KUPE MANENGUBA 6 LEBIALEM 7 MANYU 9 MEME 8 NDIAN 18 >> CITIES/TOWNS TOWNofNGAOUNDAL TOWNofTIBATI TOWNofMAYO-BALEO TOWNofTIGNERE TOWNofGALIM-TIGNERE TOWNofKONTCHA TOWNofBANYO TOWNofBANKIM TOWNofMAYO-DARLE TOWNofMEIGANGA TOWNofDJOHONG TOWNofDIR TOWNofNGAOUI CITYofNGAOUNDERE TOWNofNGAOUNDERE 1er TOWNofNGAOUNDERE 2e TOWNofNGAOUNDERE 3e TOWNofBELEL TOWNofMBE TOWNofNGANHA TOWNofNYAMBAKA TOWNofMARTAP TOWNofMBANDJOCK TOWNofMINTA TOWNofNANGA-EBOKO TOWNofNKOTENG TOWNofBIBEY TOWNofNSEM TOWNofLEMBE-YEZOUM TOWNofEVODOULA TOWNofMONATELE TOWNofOBALA TOWNofOKOLA TOWNofSA'A TOWNofELIG-MFOMO TOWNofEBEBDA TOWNofBATSCHENGA TOWNofLOBO TOWNofBAFIA TOWNofBOKITO TOWNofDEUK TOWNofMAKENENE TOWNofNDIKINIMEKI TOWNofOMBESSA TOWNofKIIKI TOWNofKON-YAMBETTA TOWNofNITOUKOU TOWNofNTUI TOWNofNGAMBE TOWNofNGORO TOWNofYOKO TOWNofNGAMBE-TIKAR TOWNofMBANGASSINA TOWNofMFOU TOWNofESSE TOWNofAWAE TOWNofSOA TOWNofAFANLOUM TOWNofASSAMBA TOWNofEDZENDOUAN TOWNofNKOLAFAMBA TOWNofOLANGUINA TOWNofNGOUMOU TOWNofAKONO TOWNofMBANKOMO TOWNofBIKOK CITYofYAOUNDE TOWNofYAOUNDE I TOWNofYAOUNDE II TOWNofYAOUNDE III TOWNofYAOUNDE IV TOWNofYAOUNDE V TOWNofYAOUNDE VI TOWNofYAOUNDE VII TOWNofBOT-MAKAK TOWNofESEKA TOWNofMAKAK TOWNofMESSONDO TOWNofNGOG-MAPUBI TOWNofMATOMB TOWNofDIBANG TOWNofNGUIBASSAL TOWNofBONDJOCK TOWNofBIYOUHA TOWNofAKONOLINGA TOWNofAYOS TOWNofKOBDOMBO TOWNofENDOM TOWNofMENGANG TOWNofYAKOKOMBO TOWNofDZENG TOWNofMBALMAYO TOWNofNGOMEDZAP TOWNofAKOEMAN TOWNofMENGUEME TOWNofNKOL-METET TOWNofMOLOUNDOU TOWNofYOKADOUMA TOWNofSALAPOUMBE TOWNofGARI-GOMBO TOWNofABONG-MBANG TOWNofDOUME TOWNofLOMIE TOWNofMESSAMENA TOWNofNGUELEMENDOUKA TOWNofMBOMA TOWNofATOK TOWNofDIMAKO TOWNofNGOYLA TOWNofBEBEND TOWNofMBOUANZ TOWNofDJA TOWNofDOUMAINTANG TOWNofMESSOK TOWNofMINDOUROU TOWNofANGOSSAS TOWNofSAMALOMO TOWNofBOMA TOWNofBENDENG TOWNofBATOURI TOWNofNDELELE TOWNofKETTE TOWNofKENTZOU TOWNofOULI TOWNofNGUELEBOK TOWNofMBANG TOWNofNDEM-NAM TOWNofBOMBE TOWNofMBOTORO TOWNofSO CITYofBERTOUA TOWNofBERTOUA 1er TOWNofBERTOUA 2e TOWNofBETARE-OYA TOWNofBELABO TOWNofGAROUA-BOULAÏ TOWNofDIANG TOWNofMANDJOU TOWNofNGOURA TOWNofBOGO CITYofMAROUA TOWNofMAROUA 1er TOWNofMAROUA 2e TOWNofMAROUA 3e TOWNofMERI TOWNofGAZAWA TOWNofPETTE TOWNofNDOUKOULA TOWNofDARGALA TOWNofDOUKOULA TOWNofKOUSSERI TOWNofMAKARY TOWNofLOGONE-BIRNI TOWNofGOULFEY TOWNofWAZA TOWNofFOTOKOL TOWNofHILE-HALIFA TOWNofBLANGOUA TOWNofDARAK TOWNofZINA TOWNofNYANON TOWNofKAR-HAY TOWNofGUEME TOWNofDATCHEKA TOWNofYAGOUA TOWNofGUERE TOWNofMAGA TOWNofKALFOU TOWNofWINA TOWNofVELE TOWNofTCHATIBALI TOWNofGOBO TOWNofKAÏ-KAÏ TOWNofKAELE TOWNofGUIDIGUIS TOWNofMINDIF TOWNofMOUTOURWA TOWNofTOULOUM TOWNofDZIGUILAO TOWNofMOULVOUDAYE TOWNofPORHI TOWNofTAIBONG TOWNofMORA TOWNofTOKOMBERE TOWNofKOLOFATA TOWNofMOKOLO TOWNofBOURRHA TOWNofKOZA TOWNofHINA TOWNofMOZOGO TOWNofMOGODE TOWNofMAYO-MASKOTA TOWNofSOULEDE-ROUA TOWNofDIBOMBARI TOWNofLOUM TOWNofMANJO TOWNofMBANGA TOWNofMELONG CITYofNKONGSAMBA TOWNofNKONGSAMBA 1er TOWNofNKONGSAMBA 2e TOWNofNKONGSAMBA 3e TOWNofBONALEA TOWNofBARE TOWNofEBONE TOWNofNLONAKO TOWNofBARE-BAKEM TOWNofPENJA TOWNofNJOMBE-PENJA TOWNofABO TOWNofMOMBO TOWNofNKONDJOCK TOWNofNDOBIAN TOWNofYABASSI TOWNofYINGUI TOWNofNORD-MAKOMBE TOWNofDIZANGE CITYofEDEA TOWNofEDEA 1er TOWNofEDEA 2e TOWNofNDOM TOWNofNGAMBE TOWNofPOUMA TOWNofMOUANKO TOWNofDIBAMBA TOWNofNGWEI TOWNofNYANON TOWNofMASSOCK-SONGLOULOU CITYofDOUALA TOWNofDOUALA 1er TOWNofDOUALA 2e TOWNofDOUALA 3e TOWNofDOUALA 4e TOWNofDOUALA 5e TOWNofDOUALA 6e TOWNofMANOKA CITYofGAROUA TOWNofGAROUA 1er TOWNofGAROUA 2e TOWNofGAROUA 3e TOWNofBIBEMI TOWNofPITOA TOWNofLAGDO TOWNofGASCHIGA TOWNofNGONG TOWNofDEMBO TOWNofTCHEBOA TOWNofMAYO HOURNA TOWNofBASHEO TOWNofTOUROUA TOWNofDEMSA TOWNofPOLI TOWNofBEKA TOWNofGUIDER TOWNofMAYO-OULO TOWNofFIGUIL TOWNofREY-BOUBA TOWNofTCHOLLIRE TOWNofTOUBORO TOWNofMADINGRING TOWNofJAKIRI TOWNofELAK TOWNofMBIAME TOWNofNKOR TOWNofKUMBO TOWNofOKU TOWNofMBVEN TOWNofNONI TOWNofNKUM TOWNofFUNDONG TOWNofBELO TOWNofBUM TOWNofFONFUKA TOWNofNJINIKOM TOWNofNKAMBE TOWNofNWA TOWNofAKO TOWNofMISAJE TOWNofZHOA TOWNofNDU TOWNofWUM TOWNofBENAKUMA TOWNofFURU-AWA TOWNo,,10 HA,East,East,,web_scraper,https://www.minhdu.gov.cm/observatoiresf/web/en/indicateurscommune%3F0%260%26,infrastructure,,100000.0,
BASE DE DONNEES URBAINE DU CAMEROUN,BASE DE DONNEES URBAINE DU CAMEROUN Mot du Ministre Indicateurs Urbains Indicateurs par thème Indicateurs par ville/commune Recherche avancée Français Anglais » RÉGIONS/DÉPARTEMENTS ADAMAOUA 5 FARO ET DEO 8 MAYO BANYO 6 MBERE 8 VINA 14 DJEREM 4 CENTRE 10 HAUTE SANAGA 14 LEKIE 17 MBAM ET INOUBOU 18 MBAM ET KIM 12 MEFOU ET AFAMBA 18 MEFOU ET AKONO 8 MFOUNDI 8 NYONG ET KELLE 20 NYONG ET MFOUMOU 11 NYONG ET SO'O 12 EST 4 BOUMBA ET NGOKO 8 HAUT NYONG 30 KADEY 18 LOM ET DJEREM 14 EXTREME NORD 6 DIAMARE 18 LOGONE ET CHARI 22 MAYO DANAY 22 MAYO KANI 16 MAYO SAVA 6 MAYO TSANAGA 15 LITTORAL 4 MOUNGO 29 NKAM 10 SANAGA MARITIME 21 WOURI 8 NORD 4 BENOUE 25 FARO 4 MAYO LOUTI 6 MAYO REY 8 NORD OUEST 7 BUI 15 BOYO 9 DONGA-MANTUNG 12 MENCHUM 8 MEZAM 12 MOMO 13 NGO-KENTUNJIA 6 OUEST 8 BAMBOUTOS 8 HAUT NKAM 14 HAUTS PLATEAUX 8 KOUNG KHI 8 MENOUA 13 MIFI 4 NDE 8 NOUN 18 SUD 4 DJA ET LOBO 16 VALLEE DU NTEM 7 MVILA 13 OCEAN 19 SUD OUEST 6 FAKO 13 KUPE MANENGUBA 6 LEBIALEM 7 MANYU 9 MEME 8 NDIAN 18 >> VILLES/COMMUNES (VINA) VILLEdeNGAOUNDERE COMMUNEdeNGAOUNDERE 1er COMMUNEdeNGAOUNDERE 2e COMMUNEdeNGAOUNDERE 3e COMMUNEdeBELEL COMMUNEdeMBE COMMUNEdeNGANHA COMMUNEdeNYAMBAKA COMMUNEdeMARTAP VILLEdeBELEL VILLEdeMBE VILLEdeNGANHA VILLEdeNYAMBAKA VILLEdeMARTAP DÉPARTEMENTde : VINA 10 20 50 100 500 Showing 1 - 10 of 65 Records. previous 1 (current) 2 3 4 5 6 7 next Filter Showing 1 - 10 of 65 Records. previous 1 (current) 2 3 4 5 6 7 next @copyright 2013 - 2014 Observatoire Urbain. Tout droits reservés.,,10 HA,Adamaoua,Adamaoua,,web_scraper,https://www.minhdu.gov.cm/observatoiresf/web/fr/indicateurscommune%3F0%265%26,infrastructure,,100000.0,
BASE DE DONNEES URBAINE DU CAMEROUN,BASE DE DONNEES URBAINE DU CAMEROUN Mot du Ministre Indicateurs Urbains Indicateurs par thème Indicateurs par ville/commune Recherche avancée Français Anglais » RÉGIONS/DÉPARTEMENTS ADAMAOUA 5 FARO ET DEO 8 MAYO BANYO 6 MBERE 8 VINA 14 DJEREM 4 CENTRE 10 HAUTE SANAGA 14 LEKIE 17 MBAM ET INOUBOU 18 MBAM ET KIM 12 MEFOU ET AFAMBA 18 MEFOU ET AKONO 8 MFOUNDI 8 NYONG ET KELLE 20 NYONG ET MFOUMOU 11 NYONG ET SO'O 12 EST 4 BOUMBA ET NGOKO 8 HAUT NYONG 30 KADEY 18 LOM ET DJEREM 14 EXTREME NORD 6 DIAMARE 18 LOGONE ET CHARI 22 MAYO DANAY 22 MAYO KANI 16 MAYO SAVA 6 MAYO TSANAGA 15 LITTORAL 4 MOUNGO 29 NKAM 10 SANAGA MARITIME 21 WOURI 8 NORD 4 BENOUE 25 FARO 4 MAYO LOUTI 6 MAYO REY 8 NORD OUEST 7 BUI 15 BOYO 9 DONGA-MANTUNG 12 MENCHUM 8 MEZAM 12 MOMO 13 NGO-KENTUNJIA 6 OUEST 8 BAMBOUTOS 8 HAUT NKAM 14 HAUTS PLATEAUX 8 KOUNG KHI 8 MENOUA 13 MIFI 4 NDE 8 NOUN 18 SUD 4 DJA ET LOBO 16 VALLEE DU NTEM 7 MVILA 13 OCEAN 19 SUD OUEST 6 FAKO 13 KUPE MANENGUBA 6 LEBIALEM 7 MANYU 9 MEME 8 NDIAN 18 >> VILLES/COMMUNES (MFOUNDI) VILLEdeYAOUNDE COMMUNEdeYAOUNDE I COMMUNEdeYAOUNDE II COMMUNEdeYAOUNDE III COMMUNEdeYAOUNDE IV COMMUNEdeYAOUNDE V COMMUNEdeYAOUNDE VI COMMUNEdeYAOUNDE VII DÉPARTEMENTde : MFOUNDI 10 20 50 100 500 Showing 1 - 10 of 78 Records. previous 1 (current) 2 3 4 5 6 7 8 next Filter Showing 1 - 10 of 78 Records. previous 1 (current) 2 3 4 5 6 7 8 next @copyright 2013 - 2014 Observatoire Urbain. Tout droits reservés.,,10 HA,Adamaoua,Adamaoua,,web_scraper,https://www.minhdu.gov.cm/observatoiresf/web/fr/indicateurscommune%3F0%2612%26,infrastructure,,100000.0,
BASE DE DONNEES URBAINE DU CAMEROUN,BASE DE DONNEES URBAINE DU CAMEROUN Mot du Ministre Indicateurs Urbains Indicateurs par thème Indicateurs par ville/commune Recherche avancée Français Anglais » RÉGIONS/DÉPARTEMENTS ADAMAOUA 5 FARO ET DEO 8 MAYO BANYO 6 MBERE 8 VINA 14 DJEREM 4 CENTRE 10 HAUTE SANAGA 14 LEKIE 17 MBAM ET INOUBOU 18 MBAM ET KIM 12 MEFOU ET AFAMBA 18 MEFOU ET AKONO 8 MFOUNDI 8 NYONG ET KELLE 20 NYONG ET MFOUMOU 11 NYONG ET SO'O 12 EST 4 BOUMBA ET NGOKO 8 HAUT NYONG 30 KADEY 18 LOM ET DJEREM 14 EXTREME NORD 6 DIAMARE 18 LOGONE ET CHARI 22 MAYO DANAY 22 MAYO KANI 16 MAYO SAVA 6 MAYO TSANAGA 15 LITTORAL 4 MOUNGO 29 NKAM 10 SANAGA MARITIME 21 WOURI 8 NORD 4 BENOUE 25 FARO 4 MAYO LOUTI 6 MAYO REY 8 NORD OUEST 7 BUI 15 BOYO 9 DONGA-MANTUNG 12 MENCHUM 8 MEZAM 12 MOMO 13 NGO-KENTUNJIA 6 OUEST 8 BAMBOUTOS 8 HAUT NKAM 14 HAUTS PLATEAUX 8 KOUNG KHI 8 MENOUA 13 MIFI 4 NDE 8 NOUN 18 SUD 4 DJA ET LOBO 16 VALLEE DU NTEM 7 MVILA 13 OCEAN 19 SUD OUEST 6 FAKO 13 KUPE MANENGUBA 6 LEBIALEM 7 MANYU 9 MEME 8 NDIAN 18 >> VILLES/COMMUNES (LOM ET DJEREM) VILLEdeBERTOUA COMMUNEdeBERTOUA 1er COMMUNEdeBERTOUA 2e COMMUNEdeBETARE-OYA COMMUNEdeBELABO COMMUNEdeGAROUA-BOULAÏ COMMUNEdeDIANG COMMUNEdeMANDJOU COMMUNEdeNGOURA VILLEdeBELABO VILLEdeGAROUA-BOULAÏ VILLEdeDIANG VILLEdeMANDJOU VILLEdeNGOURA DÉPARTEMENTde : LOM ET DJEREM 10 20 50 100 500 Showing 1 - 10 of 65 Records. previous 1 (current) 2 3 4 5 6 7 next Filter Showing 1 - 10 of 65 Records. previous 1 (current) 2 3 4 5 6 7 next @copyright 2013 - 2014 Observatoire Urbain. Tout droits reservés.,,10 HA,Adamaoua,Adamaoua,,web_scraper,https://www.minhdu.gov.cm/observatoiresf/web/fr/indicateurscommune%3F0%2619%26,infrastructure,,100000.0,
BASE DE DONNEES URBAINE DU CAMEROUN,BASE DE DONNEES URBAINE DU CAMEROUN Mot du Ministre Indicateurs Urbains Indicateurs par thème Indicateurs par ville/commune Recherche avancée Français Anglais » RÉGIONS/DÉPARTEMENTS ADAMAOUA 5 FARO ET DEO 8 MAYO BANYO 6 MBERE 8 VINA 14 DJEREM 4 CENTRE 10 HAUTE SANAGA 14 LEKIE 17 MBAM ET INOUBOU 18 MBAM ET KIM 12 MEFOU ET AFAMBA 18 MEFOU ET AKONO 8 MFOUNDI 8 NYONG ET KELLE 20 NYONG ET MFOUMOU 11 NYONG ET SO'O 12 EST 4 BOUMBA ET NGOKO 8 HAUT NYONG 30 KADEY 18 LOM ET DJEREM 14 EXTREME NORD 6 DIAMARE 18 LOGONE ET CHARI 22 MAYO DANAY 22 MAYO KANI 16 MAYO SAVA 6 MAYO TSANAGA 15 LITTORAL 4 MOUNGO 29 NKAM 10 SANAGA MARITIME 21 WOURI 8 NORD 4 BENOUE 25 FARO 4 MAYO LOUTI 6 MAYO REY 8 NORD OUEST 7 BUI 15 BOYO 9 DONGA-MANTUNG 12 MENCHUM 8 MEZAM 12 MOMO 13 NGO-KENTUNJIA 6 OUEST 8 BAMBOUTOS 8 HAUT NKAM 14 HAUTS PLATEAUX 8 KOUNG KHI 8 MENOUA 13 MIFI 4 NDE 8 NOUN 18 SUD 4 DJA ET LOBO 16 VALLEE DU NTEM 7 MVILA 13 OCEAN 19 SUD OUEST 6 FAKO 13 KUPE MANENGUBA 6 LEBIALEM 7 MANYU 9 MEME 8 NDIAN 18 >> VILLES/COMMUNES (MOUNGO) COMMUNEdeDIBOMBARI COMMUNEdeLOUM COMMUNEdeMANJO COMMUNEdeMBANGA COMMUNEdeMELONG VILLEdeNKONGSAMBA COMMUNEdeNKONGSAMBA 1er COMMUNEdeNKONGSAMBA 2e COMMUNEdeNKONGSAMBA 3e COMMUNEdeBONALEA COMMUNEdeBARE COMMUNEdeEBONE COMMUNEdeNLONAKO COMMUNEdeBARE-BAKEM COMMUNEdePENJA COMMUNEdeNJOMBE-PENJA COMMUNEdeABO COMMUNEdeMOMBO VILLEdeDIBOMBARI VILLEdeLOUM VILLEdeMANJO VILLEdeMBANGA VILLEdeMELONG VILLEdeBONALEA VILLEdeBARE VILLEdeEBONE VILLEdeBARE-BAKEM VILLEdePENJA VILLEdeMOMBO DÉPARTEMENTde : MOUNGO 10 20 50 100 500 Showing 1 - 8 of 8 Records. previous 1 (current) next Filter Showing 1 - 8 of 8 Records. previous 1 (current) next @copyright 2013 - 2014 Observatoire Urbain. Tout droits reservés.,,10 HA,Adamaoua,Adamaoua,,web_scraper,https://www.minhdu.gov.cm/observatoiresf/web/fr/indicateurscommune%3F0%2626%26,infrastructure,,100000.0,
BASE DE DONNEES URBAINE DU CAMEROUN,BASE DE DONNEES URBAINE DU CAMEROUN Mot du Ministre Indicateurs Urbains Indicateurs par thème Indicateurs par ville/commune Recherche avancée Français Anglais » RÉGIONS/DÉPARTEMENTS ADAMAOUA 5 FARO ET DEO 8 MAYO BANYO 6 MBERE 8 VINA 14 DJEREM 4 CENTRE 10 HAUTE SANAGA 14 LEKIE 17 MBAM ET INOUBOU 18 MBAM ET KIM 12 MEFOU ET AFAMBA 18 MEFOU ET AKONO 8 MFOUNDI 8 NYONG ET KELLE 20 NYONG ET MFOUMOU 11 NYONG ET SO'O 12 EST 4 BOUMBA ET NGOKO 8 HAUT NYONG 30 KADEY 18 LOM ET DJEREM 14 EXTREME NORD 6 DIAMARE 18 LOGONE ET CHARI 22 MAYO DANAY 22 MAYO KANI 16 MAYO SAVA 6 MAYO TSANAGA 15 LITTORAL 4 MOUNGO 29 NKAM 10 SANAGA MARITIME 21 WOURI 8 NORD 4 BENOUE 25 FARO 4 MAYO LOUTI 6 MAYO REY 8 NORD OUEST 7 BUI 15 BOYO 9 DONGA-MANTUNG 12 MENCHUM 8 MEZAM 12 MOMO 13 NGO-KENTUNJIA 6 OUEST 8 BAMBOUTOS 8 HAUT NKAM 14 HAUTS PLATEAUX 8 KOUNG KHI 8 MENOUA 13 MIFI 4 NDE 8 NOUN 18 SUD 4 DJA ET LOBO 16 VALLEE DU NTEM 7 MVILA 13 OCEAN 19 SUD OUEST 6 FAKO 13 KUPE MANENGUBA 6 LEBIALEM 7 MANYU 9 MEME 8 NDIAN 18 >> VILLES/COMMUNES (WOURI) VILLEdeDOUALA COMMUNEdeDOUALA 1er COMMUNEdeDOUALA 2e COMMUNEdeDOUALA 3e COMMUNEdeDOUALA 4e COMMUNEdeDOUALA 5e COMMUNEdeDOUALA 6e COMMUNEdeMANOKA DÉPARTEMENTde : WOURI 10 20 50 100 500 Showing 1 - 10 of 78 Records. previous 1 (current) 2 3 4 5 6 7 8 next Filter Showing 1 - 10 of 78 Records. previous 1 (current) 2 3 4 5 6 7 8 next @copyright 2013 - 2014 Observatoire Urbain. Tout droits reservés.,,10 HA,Adamaoua,Adamaoua,,web_scraper,https://www.minhdu.gov.cm/observatoiresf/web/fr/indicateurscommune%3F0%2629%26,infrastructure,,100000.0,
BASE DE DONNEES URBAINE DU CAMEROUN,BASE DE DONNEES URBAINE DU CAMEROUN Mot du Ministre Indicateurs Urbains Indicateurs par thème Indicateurs par ville/commune Recherche avancée Français Anglais » RÉGIONS/DÉPARTEMENTS ADAMAOUA 5 FARO ET DEO 8 MAYO BANYO 6 MBERE 8 VINA 14 DJEREM 4 CENTRE 10 HAUTE SANAGA 14 LEKIE 17 MBAM ET INOUBOU 18 MBAM ET KIM 12 MEFOU ET AFAMBA 18 MEFOU ET AKONO 8 MFOUNDI 8 NYONG ET KELLE 20 NYONG ET MFOUMOU 11 NYONG ET SO'O 12 EST 4 BOUMBA ET NGOKO 8 HAUT NYONG 30 KADEY 18 LOM ET DJEREM 14 EXTREME NORD 6 DIAMARE 18 LOGONE ET CHARI 22 MAYO DANAY 22 MAYO KANI 16 MAYO SAVA 6 MAYO TSANAGA 15 LITTORAL 4 MOUNGO 29 NKAM 10 SANAGA MARITIME 21 WOURI 8 NORD 4 BENOUE 25 FARO 4 MAYO LOUTI 6 MAYO REY 8 NORD OUEST 7 BUI 15 BOYO 9 DONGA-MANTUNG 12 MENCHUM 8 MEZAM 12 MOMO 13 NGO-KENTUNJIA 6 OUEST 8 BAMBOUTOS 8 HAUT NKAM 14 HAUTS PLATEAUX 8 KOUNG KHI 8 MENOUA 13 MIFI 4 NDE 8 NOUN 18 SUD 4 DJA ET LOBO 16 VALLEE DU NTEM 7 MVILA 13 OCEAN 19 SUD OUEST 6 FAKO 13 KUPE MANENGUBA 6 LEBIALEM 7 MANYU 9 MEME 8 NDIAN 18 >> VILLES/COMMUNES (DONGA-MANTUNG) COMMUNEdeNKAMBE COMMUNEdeNWA COMMUNEdeAKO COMMUNEdeMISAJE COMMUNEdeZHOA COMMUNEdeNDU VILLEdeNKAMBE VILLEdeNWA VILLEdeAKO VILLEdeMISAJE VILLEdeZHOA VILLEdeNDU DÉPARTEMENTde : DONGA-MANTUNG 10 20 50 100 500 Showing 1 - 3 of 3 Records. previous 1 (current) next Filter Showing 1 - 3 of 3 Records. previous 1 (current) next @copyright 2013 - 2014 Observatoire Urbain. Tout droits reservés.,,10 HA,Adamaoua,Adamaoua,,web_scraper,https://www.minhdu.gov.cm/observatoiresf/web/fr/indicateurscommune%3F0%2636%26,infrastructure,,100000.0,
BASE DE DONNEES URBAINE DU CAMEROUN,BASE DE DONNEES URBAINE DU CAMEROUN Mot du Ministre Indicateurs Urbains Indicateurs par thème Indicateurs par ville/commune Recherche avancée Français Anglais » RÉGIONS/DÉPARTEMENTS ADAMAOUA 5 FARO ET DEO 8 MAYO BANYO 6 MBERE 8 VINA 14 DJEREM 4 CENTRE 10 HAUTE SANAGA 14 LEKIE 17 MBAM ET INOUBOU 18 MBAM ET KIM 12 MEFOU ET AFAMBA 18 MEFOU ET AKONO 8 MFOUNDI 8 NYONG ET KELLE 20 NYONG ET MFOUMOU 11 NYONG ET SO'O 12 EST 4 BOUMBA ET NGOKO 8 HAUT NYONG 30 KADEY 18 LOM ET DJEREM 14 EXTREME NORD 6 DIAMARE 18 LOGONE ET CHARI 22 MAYO DANAY 22 MAYO KANI 16 MAYO SAVA 6 MAYO TSANAGA 15 LITTORAL 4 MOUNGO 29 NKAM 10 SANAGA MARITIME 21 WOURI 8 NORD 4 BENOUE 25 FARO 4 MAYO LOUTI 6 MAYO REY 8 NORD OUEST 7 BUI 15 BOYO 9 DONGA-MANTUNG 12 MENCHUM 8 MEZAM 12 MOMO 13 NGO-KENTUNJIA 6 OUEST 8 BAMBOUTOS 8 HAUT NKAM 14 HAUTS PLATEAUX 8 KOUNG KHI 8 MENOUA 13 MIFI 4 NDE 8 NOUN 18 SUD 4 DJA ET LOBO 16 VALLEE DU NTEM 7 MVILA 13 OCEAN 19 SUD OUEST 6 FAKO 13 KUPE MANENGUBA 6 LEBIALEM 7 MANYU 9 MEME 8 NDIAN 18 >> VILLES/COMMUNES (VINA) VILLEdeNGAOUNDERE COMMUNEdeNGAOUNDERE 1er COMMUNEdeNGAOUNDERE 2e COMMUNEdeNGAOUNDERE 3e COMMUNEdeBELEL COMMUNEdeMBE COMMUNEdeNGANHA COMMUNEdeNYAMBAKA COMMUNEdeMARTAP VILLEdeBELEL VILLEdeMBE VILLEdeNGANHA VILLEdeNYAMBAKA VILLEdeMARTAP VILLEde : NGAOUNDERE 10 20 50 100 500 Showing 1 - 10 of 65 Records. previous 1 (current) 2 3 4 5 6 7 next Filter Showing 1 - 10 of 65 Records. previous 1 (current) 2 3 4 5 6 7 next @copyright 2013 - 2014 Observatoire Urbain. Tout droits reservés.,,10 HA,Adamaoua,Adamaoua,,web_scraper,https://www.minhdu.gov.cm/observatoiresf/web/fr/indicateurscommune%3F0%265%2614,infrastructure,,100000.0,
Télécharger le document," 
 
DEUXIEME RAPPORT NATIONAL D’EXAMEN VOLONTAIRE SUR 
LA MISE EN ŒUVRE DE L’ODD 11 ET DU NOUVEAU 
PROGRAMME POUR LES VILLES AU CAMEROUN 
Octobre 2016 – Octobre 2024 
 
  
  
 
 
 
 
 
 
 
 
                                                           
                                                         
REPUBLIQUE DU CAMEROUN 
PAIX – TRAVAIL – PATRIE 
------------ 
 
REPUBLIC OF CAMEROON 
PEACE – WORK – FATHERLAND 
------------ 
MINISTERE DE L’HABITAT ET DU 
DEVELOPPEMENT URBAIN 
---------------- 
 
MINISTRY OF HOUSING AND URBAN 
DEVELOPMENT  
-------------- 
 
 
 
 
 
 
 
HABITAT III+8 
 
 
Carte du Cameroun 
 
 
 
Son Excellence M. Paul BIYA 
Président de la République du Cameroun 
 
« Il est loisible de constater que malgré la bonne volonté des pouvoirs publics, la mise en œuvre 
des différents projets devant permettre de répondre aux aspirations de nos populations se 
heurte à une contrainte majeure. Celle de l’insuffisance des ressources financières nécessaires. 
C’est la raison pour laquelle je n’ai de cesse de prescrire au Gouvernement la rationalisation 
des dépenses publiques, de même que la recherche des voies et moyens supplémentaires 
d’accroitre les ressources publiques ». Extrait du message du Chef de l’Etat à la nation à 
l’occasion de la fin d’année 2023 et du nouvel an 2024.        
 
 
 
 
Monsieur Joseph DION NGUTE   
                                   Premier Ministre, Chef du Gouvernement 
 
 
 
 
 
 
 
 
 
 
 
 
 
 
 
 
v 
 
 
                                  Madame Célestine KETCHA Epouse COURTES 
                                Ministre de l’Habitat et du Développement Urbain   
 
                                               Madame Marie Rose DIBONG  
 Secrétaire d’État auprès du Ministre de l’Habitat et du 
Développement Urbain chargé de l’Habitat
 
 
6 
 
DONNEES GENERALES SUR LE CAMEROUN 
 
 
 
 
 
 
 
 
 
 
 
 
 
 
 
Superficie 
475.650 Km2 
Population 
23 642 400 habitants en 2018 (BUCREP) 
Capitale administrative 
Yaoundé 
Langues officielles 
Français et Anglais 
Pays frontaliers 
Tchad au Nord-Est ; République Centrafricaine à l’Est ; 
Nigéria à l’Ouest ; Congo, Gabon et Guinée Equatoriale 
au Sud. 
Relief 
Hautes terres (dorsale camerounaise) Plaines (littoral 
côtier, une partie des régions du Nord et de l'Extrême 
Nord). 
Hydrographie 
Dense (2ème en Afrique) 
Végétation 
Variée (forêt, savane et steppe), 2e massif forestier en 
Afrique. 
Climat 
Equatorial au Sud, tropical au Nord. Alternance saisons 
sèches et saisons humides. 
Organisation politique 
Etat unitaire décentralisé. 
Organisation 
administrative 
10 Régions, 58 Départements, 360 Communes et 14  
Communautés Urbaines. 
Monnaie 
Franc CFA (1Euro = 656 FCFA) 
Taux de chômage    
6,1% en 2021 (EESI-3, INS 2021) 
Taux de pauvreté   
37,7% en 2022 (ECAM5, INS 2022) 
Taux de croissance 
3,9% en 2023 
 
 
7 
 
 
SOMMAIRE  
SIGLES ET ABREVIATIONS ....................................................................................................................... 10 
LISTE DES TABLEAUX ................................................................................................................................ 12 
LISTE DES GRAPHIQUES .......................................................................................................................... 13 
LISTES DES FIGURES ................................................................................................................................. 14 
LISTE DES PHOTOS ................................................................................................................................... 15 
DECLARATION LIMINAIRE ........................................................................................................................ 16 
RESUME EXECUTIF ..................................................................................................................................... 18 
INTRODUCTION ........................................................................................................................................ 31 
CHAPITRE 1 : METHODOLOGIE ET PROCESSUS D’ELABORATION ................................................ 32 
1.1. Revue documentaire ................................................................................................................. 32 
1.2. Collecte des données auprès des acteurs ............................................................................ 32 
1.3. Rédaction du rapport ............................................................................................................... 32 
CHAPITRE II : PRESENTATION DU CAMEROUN................................................................................... 33 
2.1. Situation géographique ........................................................................................................... 33 
2.2. Situation démographique ........................................................................................................ 33 ",656 FCFA,23 642 400 ha,Adamaoua,Adamaoua,2024-10-15,web_scraper,https://www.minhdu.gov.cm/wp-content/uploads/2024/10/VNR2-final.pdf,land,656.0,,
"Contrats de ville : près de 5 milliards de FCFA pour les contrats de villes de Bélel, Foumban et Mouanko","Contrats de ville : près de 5 milliards de FCFA pour les contrats de villes de Bélel, Foumban et Mouanko [wp-word-count] words | [wp-word-count-reading-time] | 919 Facebook Twitter Gmail Yahoo Mail Le Ministre de l’Habitat et du Développement Urbain (MINHDU), Célestine Ketcha Courtès, a présidé 18 avril 2023 à Yaoundé l’atelier Bailleurs couplé à la signature des Contrats de ville avec les communes de Bélel du département de la Vina dans l’Adamaoua, Foumban du département du Noun dans la région de l’Ouest et Mouanko du département de la Sanaga Maritime, région du Littoral. Le Contrat de Ville est un instrument de mise en œuvre à moyen terme, de la politique urbaine telle que définie dans les Documents de Planification Urbaine. Il s’agit d’un outil de mise en cohésion des actions de l’Etat avec la vision de développement émanant des magistrats municipaux et des populations. Il concourt à la réduction des écarts de développement entre les quartiers défavorisés et leurs unités urbaines et l’amélioration des conditions de vie des habitants, en luttant notamment contre toute forme de discrimination. D’un montant d’environ 5 milliards de FCFA pour accélérer le développement des collectivités territoriales décentralisées cibles durant la période 2023 -2026, ce processus s’inscrit dans la stratégie de développement du sous-secteur urbain suivant le Document de Stratégie Nationale de Développement – Cameroun 2030 (SND-30). Ces premiers contrats de ville qui bénéficient d’un positionnement légal octroyé par le décret du Premier ministre du 30 décembre 2022 fixant le régime général des Contrats-plan et des Contrats de Ville entre l’Etat et les collectivités territoriales décentralisées, vont permettre la mobilisation de financements. Pour la commune de Bélel, c’est un contrat de 1 572 118 439 FCFA dont 1 445 274 927 FCFA à mobiliser par département ministériel en charge de l’Habitat et du Développement urbain. Ce fonds sera consacré aux travaux d’infrastructures. Pour les travaux d’accompagnement et d’entretien des ouvrages réalisés, la commune va mobiliser 126 843 512 FCFA. Pour le département du Noun, le contrat de Foumban paraphé par Patricia Tomaino Ndam Njoya, maire de la ville dote la commune d’un montant total : 1 597 447 648 FCFA. Le Minhdu mobilisera 1 453 770 508 FCFA pour les travaux d’infrastructures, les travaux d’accompagnement et d’entretien seront financés par la commune à hauteur de 143 677 140 FCFA. Au littoral, Mouanko, bénéficie d’un contrat de chiffré à 1 393 133 603 FCFA avec une contribution du Mindhu à hauteur de 1 299 555 783 FCFA pour les travaux d’infrastructures, contrepartie de la commune de Mouanko 93 577 820 FCFA par la commune pour les travaux d’accompagnement et d’entretien des ouvrages réalisés. « Ceci implique l’engagement de ces trois maires à développer leurs villes de manière planifiée. Ils acceptent d’accompagner le chef de l’État à développer durablement leurs villes sur la base des projets identifiés, priorisés et matures avec l’accompagnement du ministère de l’Habitat et du développement urbain. Cela veut dire également que ces communes ont accepté de changer de paradigme, c’est-à-dire partir sur des projets sur 3 ans, sur 10 ans pour voir ce que seront leurs villes dans 5 ans ou dans 10 ans », martèle Célestine Ketcha Courtes. L’atelier qui s’est tenu en prélude à la signature des contrats a permis aux 3 collectivités de présenter la liste des projets retenus pour être exécutés sur la durée des Contrats de Ville ; de révéler la liste des projets à besoin de financements, de recueillir des propositions de financements et de finaliser les Programmes Cadres d’Investissement. Visant le renforcement du rôle économique des villes en procédant à l’extension, à la réhabilitation et à la maintenance des infrastructures urbaines et à l’amélioration des conditions de vie des populations urbaines, une trentaine de Contrats de Ville et protocoles de partenariat ont déjà été signés depuis 2004. 0 Comments Submit a Comment Cancel reply You must be logged in to post a comment. to read also Logements sociaux à Douala : le gouvernement accélère et promet des titres fonciers en 2026 Cérémonie de présentation des vœux au MINHDU : Un bilan 2025 riche et plus de 400 milliards pour les villes de demain. Conférence annuelle du MINHDU : l'engagement ferme pour une mobilité urbaine moderne au Cameroun. CREDITS TRANSFERES : Le MINHDU appelle à un meilleur suivi en 2026 Emmission le Citadin Ne ratez pas notre émission hebdomadaire du Samedi qui sera diffusée sur la radio POSTE NATIONAL 94.0 FM dès 16h30 Useful Links Presidence of the Republic Senat National Assembly Prime Minister's Office MINFI MINDCAF DGI CFC SIC MAETUR CUY CUD Picture Gallery Vidéos Speechs Contact-Us",1 572 118 439 FCFA,,Adamaoua,Adamaoua,,web_scraper,https://www.minhdu.gov.cm/en/contrats-de-ville-pres-de-5-milliards-de-fcfa-pour-les-contrats-de-villes-de-belel-foumban-et-mouanko,investment,1572118439.0,,
"Contrats de ville : près de 5 milliards de FCFA pour les contrats de villes de Bélel, Foumban et Mouanko - MINHDU","Contrats de ville : près de 5 milliards de FCFA pour les contrats de villes de Bélel, Foumban et Mouanko [wp-word-count] mots | [wp-word-count-reading-time] | 919 Facebook Twitter Gmail Yahoo Mail Le Ministre de l’Habitat et du Développement Urbain (MINHDU), Célestine Ketcha Courtès, a présidé 18 avril 2023 à Yaoundé l’atelier Bailleurs couplé à la signature des Contrats de ville avec les communes de Bélel du département de la Vina dans l’Adamaoua, Foumban du département du Noun dans la région de l’Ouest et Mouanko du département de la Sanaga Maritime, région du Littoral. Le Contrat de Ville est un instrument de mise en œuvre à moyen terme, de la politique urbaine telle que définie dans les Documents de Planification Urbaine. Il s’agit d’un outil de mise en cohésion des actions de l’Etat avec la vision de développement émanant des magistrats municipaux et des populations. Il concourt à la réduction des écarts de développement entre les quartiers défavorisés et leurs unités urbaines et l’amélioration des conditions de vie des habitants, en luttant notamment contre toute forme de discrimination. D’un montant d’environ 5 milliards de FCFA pour accélérer le développement des collectivités territoriales décentralisées cibles durant la période 2023 -2026, ce processus s’inscrit dans la stratégie de développement du sous-secteur urbain suivant le Document de Stratégie Nationale de Développement – Cameroun 2030 (SND-30). Ces premiers contrats de ville qui bénéficient d’un positionnement légal octroyé par le décret du Premier ministre du 30 décembre 2022 fixant le régime général des Contrats-plan et des Contrats de Ville entre l’Etat et les collectivités territoriales décentralisées, vont permettre la mobilisation de financements. Pour la commune de Bélel, c’est un contrat de 1 572 118 439 FCFA dont 1 445 274 927 FCFA à mobiliser par département ministériel en charge de l’Habitat et du Développement urbain. Ce fonds sera consacré aux travaux d’infrastructures. Pour les travaux d’accompagnement et d’entretien des ouvrages réalisés, la commune va mobiliser 126 843 512 FCFA. Pour le département du Noun, le contrat de Foumban paraphé par Patricia Tomaino Ndam Njoya, maire de la ville dote la commune d’un montant total : 1 597 447 648 FCFA. Le Minhdu mobilisera 1 453 770 508 FCFA pour les travaux d’infrastructures, les travaux d’accompagnement et d’entretien seront financés par la commune à hauteur de 143 677 140 FCFA. Au littoral, Mouanko, bénéficie d’un contrat de chiffré à 1 393 133 603 FCFA avec une contribution du Mindhu à hauteur de 1 299 555 783 FCFA pour les travaux d’infrastructures, contrepartie de la commune de Mouanko 93 577 820 FCFA par la commune pour les travaux d’accompagnement et d’entretien des ouvrages réalisés. « Ceci implique l’engagement de ces trois maires à développer leurs villes de manière planifiée. Ils acceptent d’accompagner le chef de l’État à développer durablement leurs villes sur la base des projets identifiés, priorisés et matures avec l’accompagnement du ministère de l’Habitat et du développement urbain. Cela veut dire également que ces communes ont accepté de changer de paradigme, c’est-à-dire partir sur des projets sur 3 ans, sur 10 ans pour voir ce que seront leurs villes dans 5 ans ou dans 10 ans », martèle Célestine Ketcha Courtes. L’atelier qui s’est tenu en prélude à la signature des contrats a permis aux 3 collectivités de présenter la liste des projets retenus pour être exécutés sur la durée des Contrats de Ville ; de révéler la liste des projets à besoin de financements, de recueillir des propositions de financements et de finaliser les Programmes Cadres d’Investissement. Visant le renforcement du rôle économique des villes en procédant à l’extension, à la réhabilitation et à la maintenance des infrastructures urbaines et à l’amélioration des conditions de vie des populations urbaines, une trentaine de Contrats de Ville et protocoles de partenariat ont déjà été signés depuis 2004. 0 commentaires Soumettre un commentaire Annuler la réponse Vous devez vous connecter pour publier un commentaire. à lire aussi Logements sociaux à Douala : le gouvernement accélère et promet des titres fonciers en 2026 Cérémonie de présentation des vœux au MINHDU : Un bilan 2025 riche et plus de 400 milliards pour les villes de demain. Conférence annuelle du MINHDU : l’engagement ferme pour une mobilité urbaine moderne au Cameroun. CREDITS TRANSFERES : Le MINHDU appelle à un meilleur suivi en 2026 Emmission le Citadin Ne ratez pas notre émission hebdomadaire du Samedi qui sera diffusée sur la radio POSTE NATIONAL 94.0 FM dès 16h30 Liens Utiles Présidence de la République Senat Assemblé Nationale Services du Premier Ministre MINFI MINDCAF DGI CFC SIC MAETUR FEICOM MIPROMALO CUY CUD HYSACAM Galerie Photos Vidéos Discours Contactez-Nous",1 572 118 439 FCFA,,Adamaoua,Adamaoua,,web_scraper,https://www.minhdu.gov.cm/contrats-de-ville-pres-de-5-milliards-de-fcfa-pour-les-contrats-de-villes-de-belel-foumban-et-mouanko,investment,1572118439.0,,
- MINHDU,"Flash Infos Cérémonie de présentation des vœux au MINHDU : Un bilan 2025 riche et plus de 400 milliards pour les villes de demain. Hygiène et salubrité en milieu urbain : Le MINHDU rétrocède des balayeuses mécaniques aux Communes de Yaoundé I et Yaoundé V COPIL des programmes Capitales Régionales et SPORCAP : Feuilles de route 2026 validées pour un achèvement accéléré des infrastructures urbaines Yaoundé : Le Projet Plateforme Urbaine engage une nouvelle dynamique pour une gestion durable des déchets solides municipaux Amélioration de la mobilité urbaine à Yaoundé : Sur Très Haute Prescription du Président Paul BIYA, le MINHDU lance les travaux de la route « Carrière chapelle notre dame de Lorette – carrefour pont de sable » Modernisation de Maroua: les mutations de la ville mises en lumière par le Programme C2D et le PDVIR Garoua la belle reçoit de nouvelles infrastructures de mobilité urbaine voulues par le Chef de l’Etat Développement urbain: Bamenda au centre des attentions du Chef de l’Etat. VOIRIE ET TRANSPORT DANS LA VILLE DE DOUALA : LE COUPS D’ACCÉLÉRATION DU PMUD AMÉLIORATION DE LA MOBILITÉ URBAINE DANS LA VILLE DE YAOUNDÉ : LE PROJET DE LA VOIE DE CONTOURNEMENT DE YAOUNDÉ (VCY) DANS LES DENIERS RÉGLAGES Logements sociaux à Douala : le gouvernement accélère et promet des titres fonciers en 2026 Détail... Cérémonie de présentation des vœux au MINHDU : Un bilan 2025 riche et plus de 400 milliards pour les villes de demain. Détail... Conférence annuelle du MINHDU : l’engagement ferme pour une mobilité urbaine moderne au Cameroun. Détail... CREDITS TRANSFERES : Le MINHDU appelle à un meilleur suivi en 2026 Détail... Voirie urbaine : Le MINHDU évalue l’avancement des travaux du Projet « Yaoundé Cœur de Ville » et d’autres projets de réhabilitation des voiries Détail... Hygiène et salubrité en milieu urbain : Le MINHDU rétrocède des balayeuses mécaniques aux Communes de Yaoundé I et Yaoundé V Détail... PVGFD : Le Nouveau Paradigme de la Modernisation Urbaine Résiliente au Cameroun Détail... Urban’Her : une contribution pour la révolution féminine dans la planification urbaine au Cameroun. Détail... Section urbaine de l’Autoroute Yaoundé-Nsimalen : Le MINHDU installe officiellement l’équipe du projet Détail... COPIL des programmes Capitales Régionales et SPORCAP : Feuilles de route 2026 validées pour un achèvement accéléré des infrastructures urbaines Détail... Mot du Ministre Ecrire au Ministre Informations récentes Logements sociaux à Douala : le gouvernement accélère et promet des titres fonciers en 2026 13 Fév, 2026 Le Ministre de l’Habitat et du Développement Urbain a présidé la cérémonie solennelle de remise... lire plus Cérémonie de présentation des vœux au MINHDU : Un bilan 2025 riche et plus de 400 milliards pour les villes de demain. 9 Fév, 2026 Au lendemain de la réélection éclatante de Son Excellence Paul Biya et de son investiture, le 6... lire plus Conférence annuelle du MINHDU : l’engagement ferme pour une mobilité urbaine moderne au Cameroun. 4 Fév, 2026 Le ministre de l’Habitat et du Développement urbain (MINHDU) a présidé ce mardi 3 février 2026 la... lire plus CREDITS TRANSFERES : Le MINHDU appelle à un meilleur suivi en 2026 2 Fév, 2026 Le lancement officiel du BIP-MINHDU, le 30 janvier 2026 à Garoua pour la mise en œuvre des... lire plus Voir Tout... Actu Région Hygiène et salubrité en milieu urbain : Le MINHDU rétrocède des balayeuses mécaniques aux Communes de Yaoundé I et Yaoundé V 27 Jan, 2026 Le ministre de l’Habitat et du Développement urbain a présidé, le lundi 26 janvier 2026, la... lire plus Projet « Cité intelligente Paul Biya d’Ebolowa » : le Groupe WAGAS obtient l’onction du Conseil régional du Sud. 29 Sep, 2025 En marge des travaux de la 5ème session extraordinaire du Conseil régional du Sud, une cérémonie... lire plus Modernisation de Maroua: les mutations de la ville mises en lumière par le Programme C2D et le PDVIR 22 Sep, 2025 Lors de son adresse à la nation le 31 décembre 2023, le Chef de l’Etat, Son Excellence Monsieur... lire plus Garoua la belle reçoit de nouvelles infrastructures de mobilité urbaine voulues par le Chef de l’Etat 22 Sep, 2025 Au terme du Septennat qui s’achève, suivant les Hautes Directives le PRESIDENT DE LA REPUBLIQUE... lire plus Voir Tout... Dossier Projets E-data Indicateurs Urbains Etudes réalisées Géoportail du MINHDU Repertoire National des Agents et Promoteurs Immobiliers et Syndics de Copropriétés Accès Rapide États Généraux de la Gestion des Déchets dans les Villes. Signaler une Zone ou une Contruction à Risque Lutte contre la corruption Les Évènements Demande d’information Avis Appels d’offres Communiqués Magazine Démarche Construire Acquisition Logements Sociaux Agents et Promoteurs immobiliers Galerie Photo Emission le Citadin Ne ratez pas notre émission hebdomadaire du Samedi qui sera diffusée sur la radio POSTE NATIONAL 94.0 FM dès 16h30 Habitat Aménagement Voiries et Réseau Divers Planification Urbaine Liens Utiles Présidence de ",,30 Ha,Centre,Centre,,web_scraper,http://www.minhdu.gov.cm,infrastructure,,300000.0,
ALLOCUTION DU MINISTRE DE L’HABITAT ET DU DEVELOPPEMENT URBAIN LORS DE LA REUNION DE LANCEMENT DES PROJETS TRANSFÉRÉS PAR LE MINHDU AUX CTD POUR LE COMPTE DE L’EXERCICE BUDGETAIRE 2022 - MINHDU,"ALLOCUTION DU MINISTRE DE L’HABITAT ET DU DEVELOPPEMENT URBAIN LORS DE LA REUNION DE LANCEMENT DES PROJETS TRANSFÉRÉS PAR LE MINHDU AUX CTD POUR LE COMPTE DE L’EXERCICE BUDGETAIRE 2022 [wp-word-count] mots | [wp-word-count-reading-time] | 807 Facebook Twitter Gmail Yahoo Mail Monsieur le Secrétaire Général du MINHDU ; Messieurs les Maires de villes ; Mesdames et Messieurs les Maires des Communes et Communes d’Arrondissements ; Monsieur le Coordonnateur du réseau des Secrétaires Généraux des Collectivités Territoriales Décentralisées ; Mesdames et Messieurs les Secrétaires Généraux des Communautés Urbaines et Mairies ; Madame l’inspecteur Général chargé des questions Techniques au MINHDU ; Chers collaborateurs ; Mesdames et Messieurs ; Il m’est agréable de prendre la parole ce jour, à l’occasion de la réunion de lancement de l’exécution des dotations du MINHDU pour la mise en œuvre des compétences transférées, au titre de l’exercice budgétaire 2022. Je voudrais avant tout, vous remercier, vous, acteurs privilégiés du développement local, d’avoir répondu promptement à cet appel lancé par mon Département Ministériel. En répondant à notre invitation malgré vos multiples charges, vous montrez l’intérêt particulier que chacun de vous accorde dans le suivi et la mise en œuvre des compétences transférées pour lesquelles vous êtes les Maîtres d’Ouvrage. Oui, chers édiles, dans le cadre de la migration du Cameroun vers un Etat décentralisé, le Président de la République, Son Excellence Paul BIYA, a promulgué le 24 décembre 2019, la loi portant Code Général des Collectivités Territoriales Décentralisées qui vous place au centre de l’action publique pour la mise en œuvre des projets ayant vocation à propulser le développement local par la base. Cette loi rappelle les compétences qui vous sont dévolues au rang desquelles, une quinzaine relative à la planification, l’urbanisme et l’habitat. Ainsi, dans le cadre de la mise en œuvre de ces compétences, le MINHDU a transféré, pour le compte de l’exercice budgétaire 2022, des ressources financières à hauteur de 6, 35 milliards de FCFA, à 71 Communes. Comme vous le savez, ces ressources sont destinées à : l’élaboration des documents de planification urbaine notamment les Plans d’occupation des Sols et les Plans Sommaires d’Urbanisme ; la réhabilitation et /ou l’entretien la voirie urbaine ; les travaux d’éclairage public ; les travaux en Haute Intensité de Main d’Œuvre pour certaines opérations d’aménagement et la viabilisation des espaces habitables dans les quartiers précaires ; la création et l’aménagement d’espaces publics urbains ; L’ensemble de cette dotation s’appuie au mieux sur les principes cardinaux de la budgétisation par compétence et le respect de l’exclusivité de l’exercice des compétences transférées. Depuis 2012, le processus de transfert de crédits engagé par le MINHDU va crescendo, en nombre de communes bénéficiaires, en montant et en activités. C’est ainsi que 54 Communes ont bénéficié en 2019 de transfert de crédit d’un montant global de 4 491 000 000 FCFA. En 2020 et 2021, environ 85 Communes ont été bénéficiaires pour un montant global d’environ 5 milliards de FCFA. En 2022, avec l’alignement des programmes des administrations publiques aux orientations de la SND30 et l’implémentation du nouveau cadre stratégique de performance du Ministère, l’appui des CTD pour la mise en œuvre des compétences transférées a légèrement augmenté et se situe comme mentionné plus haut à 6 milliards 350 millions. Mesdames et Messieurs, La présente rencontre MINHDU-CTD est organisée dans le but de procéder au lancement officiel de la mise en œuvre des projets y relatifs pour frayer un chemin de collaboration en vue de mutualiser nos efforts pour améliorer le cadre de l’accompagnement technique et financier dont vous bénéficiez depuis déjà plusieurs années. Cette rencontre se tient en hybride non seulement avec les Maires des Communes concernées en présentiel, mais aussi en visioconférence avec les Secrétaires Généraux de ces Mairies, ainsi que les délégués régionaux et Départementaux, ceci dans le souci de communication et de partage d’information autour de ces projets afin qu’ils bénéficient d’un meilleur suivi que par le passé. Ce partage est fait à dessein, il s’agit pour moi de « nous » permettre, oui parce que nous sommes une équipe, de corriger les imperfections constatées dans la mise en œuvre de ces. En effet, il est observé au cours des exercices budgétaires antérieures, que les ressources transférées aux CTD constituent encore le point faible de la performance du MINHDU. Cette situation est d’autant plus préoccupante qu’il s’agit des dotations annuelles et dont la non consommation entraine la forclusion des crédits. Ce qui fait perdre aux populations bénéficiaires de ces projets des possibilités d’améliorer leur cadre de vie d’une part et baisse les performances du MINHDU d’autre part. L’explication de ces résultats mitigés enregistrés chaque année tient entre autr",4 491 000 000 FCFA,,Centre,Centre,,web_scraper,https://www.minhdu.gov.cm/discours-du-ministre-lors-de-la-signature-des-contrats-de-ville-de-yaounde-et-de-douala-2-2-2-2-2-2,development,4491000000.0,,
Mobilisation des recettes non fiscales au MINHDU: pour une mise en cohérence avec les orientations du Gouvernement en matière de gestion des finances publiques. - MINHDU,"Mobilisation des recettes non fiscales au MINHDU: pour une mise en cohérence avec les orientations du Gouvernement en matière de gestion des finances publiques. [wp-word-count] mots | [wp-word-count-reading-time] | 541 Facebook Twitter Gmail Yahoo Mail Le ministre de l’Habitat et du Développement urbain a présidé, ce mardi 12 août 2025, une réunion sur la mobilisation des recettes non fiscales, en présence, entre autres, du Directeur général adjoint de la Société Immobilière de Cameroun, des représentants des Direction Générales du Budget et du Trésor et des nombreux responsables du MINHDU. Cette réunion stratégique s’inscrivait dans le cadre de la volonté collective des administrations publiques, de renforcer la mobilisation des ressources non fiscales, en cohérence avec les orientations du Gouvernement en matière de gestion des finances publiques. En ce qui concerne le MINHDU, les recettes non fiscales comprennent : la commercialisation des logements sociaux, les frais de concours de l’EAMAU, la délivrance et le renouvellement des agréments, et les sanctions, amendes et pénalités issues à l’exercice irrégulier de la profession immobilière. Pour l’exercice 2025, l’objectif de recouvrement pour le ministère de l’Habitat et du Développement urbain est de 2 079 450 000 FCFA. Mme le MINHDU a rappelé que, dans un contexte marqué par une exigence accrue de performance budgétaire et par une volonté politique affirmée de diversifier les sources de financement du développement, les recettes non fiscales, longtemps considérées comme marginales, apparaissent désormais comme un levier essentiel dans la stratégie nationale de mobilisation des ressources. Elles représentent un gisement considérable encore sous-exploité, dont la structuration, la sécurisation et la valorisation s’imposent désormais comme une priorité stratégique. A l’issue de cette rencontre, les recommandations suivantes ont été formulées à l’endroit du MINHDU, notamment : -Accélérer le processus de rapatriement au Trésor Public des fonds issus de la commercialisation des logements sociaux ; -Mettre en place un cadre de suivi et de reddition de comptes pour s’assurer de l’effectivité des mesures de rapatriement et de l’utilisation conforme des fonds; -Dynamiser la collecte des recettes non fiscales issues de la commercialisation des logements sociaux ; -Renforcer la collaboration entre les acteurs impliqués dans le processus de recouvrement de la commercialisation des logements sociaux, afin d’améliorer la remontée des informations sur les recettes collectées. Par ailleurs, Célestine KETCHA COURTES a souligné que la mobilisation des ressources non fiscales constitue une opportunité historique pour asseoir une meilleure souveraineté financière nationale dont le potentiel estimé à ce jour à plus de 900 milliards de FCFA. Elle doit être portée par une vision claire, par des outils efficaces, et par l’engagement sans faille de tous les acteurs institutionnels. 0 commentaires Soumettre un commentaire Annuler la réponse Vous devez vous connecter pour publier un commentaire. à lire aussi Logements sociaux à Douala : le gouvernement accélère et promet des titres fonciers en 2026 Cérémonie de présentation des vœux au MINHDU : Un bilan 2025 riche et plus de 400 milliards pour les villes de demain. Conférence annuelle du MINHDU : l’engagement ferme pour une mobilité urbaine moderne au Cameroun. CREDITS TRANSFERES : Le MINHDU appelle à un meilleur suivi en 2026 Emmission le Citadin Ne ratez pas notre émission hebdomadaire du Samedi qui sera diffusée sur la radio POSTE NATIONAL 94.0 FM dès 16h30 Liens Utiles Présidence de la République Senat Assemblé Nationale Services du Premier Ministre MINFI MINDCAF DGI CFC SIC MAETUR FEICOM MIPROMALO CUY CUD HYSACAM Galerie Photos Vidéos Discours Contactez-Nous",2 079 450 000 FCFA,,Est,Est,,web_scraper,https://www.minhdu.gov.cm/mobilisation-des-recettes-non-fiscales-au-minhdu-pour-une-mise-en-coherence-avec-les-orientations-du-gouvernement-en-matiere-de-gestion-des-finances-publiques,housing,2079450000.0,,
Mobilisation des recettes non fiscales au MINHDU: pour une mise en cohérence avec les orientations du Gouvernement en matière de gestion des finances publiques.,"Mobilisation des recettes non fiscales au MINHDU: pour une mise en cohérence avec les orientations du Gouvernement en matière de gestion des finances publiques. [wp-word-count] words | [wp-word-count-reading-time] | 541 Facebook Twitter Gmail Yahoo Mail Le ministre de l’Habitat et du Développement urbain a présidé, ce mardi 12 août 2025, une réunion sur la mobilisation des recettes non fiscales, en présence, entre autres, du Directeur général adjoint de la Société Immobilière de Cameroun, des représentants des Direction Générales du Budget et du Trésor et des nombreux responsables du MINHDU. Cette réunion stratégique s’inscrivait dans le cadre de la volonté collective des administrations publiques, de renforcer la mobilisation des ressources non fiscales, en cohérence avec les orientations du Gouvernement en matière de gestion des finances publiques. En ce qui concerne le MINHDU, les recettes non fiscales comprennent : la commercialisation des logements sociaux, les frais de concours de l’EAMAU, la délivrance et le renouvellement des agréments, et les sanctions, amendes et pénalités issues à l’exercice irrégulier de la profession immobilière. Pour l’exercice 2025, l’objectif de recouvrement pour le ministère de l’Habitat et du Développement urbain est de 2 079 450 000 FCFA. Mme le MINHDU a rappelé que, dans un contexte marqué par une exigence accrue de performance budgétaire et par une volonté politique affirmée de diversifier les sources de financement du développement, les recettes non fiscales, longtemps considérées comme marginales, apparaissent désormais comme un levier essentiel dans la stratégie nationale de mobilisation des ressources. Elles représentent un gisement considérable encore sous-exploité, dont la structuration, la sécurisation et la valorisation s’imposent désormais comme une priorité stratégique. A l’issue de cette rencontre, les recommandations suivantes ont été formulées à l’endroit du MINHDU, notamment : -Accélérer le processus de rapatriement au Trésor Public des fonds issus de la commercialisation des logements sociaux ; -Mettre en place un cadre de suivi et de reddition de comptes pour s’assurer de l’effectivité des mesures de rapatriement et de l’utilisation conforme des fonds; -Dynamiser la collecte des recettes non fiscales issues de la commercialisation des logements sociaux ; -Renforcer la collaboration entre les acteurs impliqués dans le processus de recouvrement de la commercialisation des logements sociaux, afin d’améliorer la remontée des informations sur les recettes collectées. Par ailleurs, Célestine KETCHA COURTES a souligné que la mobilisation des ressources non fiscales constitue une opportunité historique pour asseoir une meilleure souveraineté financière nationale dont le potentiel estimé à ce jour à plus de 900 milliards de FCFA. Elle doit être portée par une vision claire, par des outils efficaces, et par l’engagement sans faille de tous les acteurs institutionnels. 0 Comments Submit a Comment Cancel reply You must be logged in to post a comment. to read also Logements sociaux à Douala : le gouvernement accélère et promet des titres fonciers en 2026 Cérémonie de présentation des vœux au MINHDU : Un bilan 2025 riche et plus de 400 milliards pour les villes de demain. Conférence annuelle du MINHDU : l'engagement ferme pour une mobilité urbaine moderne au Cameroun. CREDITS TRANSFERES : Le MINHDU appelle à un meilleur suivi en 2026 Emmission le Citadin Ne ratez pas notre émission hebdomadaire du Samedi qui sera diffusée sur la radio POSTE NATIONAL 94.0 FM dès 16h30 Useful Links Presidence of the Republic Senat National Assembly Prime Minister's Office MINFI MINDCAF DGI CFC SIC MAETUR CUY CUD Picture Gallery Vidéos Speechs Contact-Us",2 079 450 000 FCFA,,Est,Est,,web_scraper,https://www.minhdu.gov.cm/en/mobilisation-des-recettes-non-fiscales-au-minhdu-pour-une-mise-en-coherence-avec-les-orientations-du-gouvernement-en-matiere-de-gestion-des-finances-publiques,title,2079450000.0,,
Extracted from Télécharger le document_19.pdf,"à hauteur de 5 500 000 FCFA et les quatre (04) autres (T4, 80m² : 3 chambres, 1 salon, 1",5 500 000 FCFA,"4, 80m²",Unknown,,,pdf: Télécharger le document_19.pdf,,unknown,5500000.0,,
Extracted from Télécharger le document_19.pdf,"toilette de 3 compartiments) coûte 4 500 000 FCFA. Le modèle en bois (T3, 70m² : 2",4 500 000 FCFA,"3, 70m²",Unknown,,,pdf: Télécharger le document_19.pdf,,unknown,4500000.0,,
Extracted from Télécharger le document_52.pdf,,1,,Unknown,,,pdf: Télécharger le document_52.pdf,,unknown,1.0,,
Extracted from Télécharger le document_52.pdf,,2,,Unknown,,,pdf: Télécharger le document_52.pdf,,unknown,2.0,,
Extracted from Télécharger le document_52.pdf,,3,,Unknown,,,pdf: Télécharger le document_52.pdf,,unknown,3.0,,
Extracted from Télécharger le document_52.pdf,,4,,Unknown,,,pdf: Télécharger le document_52.pdf,,unknown,4.0,,
Extracted from Télécharger le document_52.pdf,,5,,Unknown,,,pdf: Télécharger le document_52.pdf,,unknown,5.0,,
Extracted from Télécharger le document_52.pdf,,6,,Unknown,,,pdf: Télécharger le document_52.pdf,,unknown,6.0,,
